-- phpMyAdmin SQL Dump
-- version 5.0.2
-- https://www.phpmyadmin.net/
--
-- Хост: localhost
-- Время создания: Июл 06 2020 г., 11:42
-- Версия сервера: 5.7.24-27
-- Версия PHP: 7.1.32

SET SQL_MODE = "NO_AUTO_VALUE_ON_ZERO";
START TRANSACTION;
SET time_zone = "+00:00";


/*!40101 SET @OLD_CHARACTER_SET_CLIENT=@@CHARACTER_SET_CLIENT */;
/*!40101 SET @OLD_CHARACTER_SET_RESULTS=@@CHARACTER_SET_RESULTS */;
/*!40101 SET @OLD_COLLATION_CONNECTION=@@COLLATION_CONNECTION */;
/*!40101 SET NAMES utf8mb4 */;

--
-- База данных: `u0292677_foot`
--

-- --------------------------------------------------------

--
-- Структура таблицы `categories`
--

CREATE TABLE `categories` (
  `id` bigint(20) UNSIGNED NOT NULL,
  `name` varchar(191) COLLATE utf8mb4_unicode_ci NOT NULL,
  `created_at` timestamp NULL DEFAULT NULL,
  `updated_at` timestamp NULL DEFAULT NULL
) ENGINE=InnoDB DEFAULT CHARSET=utf8mb4 COLLATE=utf8mb4_unicode_ci;

--
-- Дамп данных таблицы `categories`
--

INSERT INTO `categories` (`id`, `name`, `created_at`, `updated_at`) VALUES
(1, '2005', NULL, '2020-06-26 06:23:28'),
(2, '2006', NULL, '2020-06-26 10:18:34'),
(3, '2007', NULL, '2020-06-26 10:59:09'),
(4, '2008', NULL, '2020-06-26 10:59:15'),
(5, '2009', NULL, '2020-06-26 10:59:20'),
(6, '2010', NULL, '2020-06-26 10:59:50'),
(7, '2011', NULL, NULL),
(8, '2012', NULL, NULL),
(9, '2012 (U8) \"Первая лига\"', NULL, '2020-07-03 16:08:44'),
(10, '2004-2005 (U16-15)', NULL, '2020-07-03 16:10:55'),
(11, '2006 (U14)', NULL, '2020-07-03 16:11:10'),
(12, '2007 (U13) \"Высшая лига\"', NULL, '2020-07-03 16:11:30'),
(13, '2009 (U11) \"Высшая лига\"', NULL, '2020-07-03 16:12:49'),
(14, '2009 (U11) \"Первая лига\"', NULL, '2020-07-03 16:13:06'),
(15, '2013 (U7)', NULL, '2020-07-03 16:13:17'),
(16, '2010 (U10) \"Высшая лига\"', NULL, '2020-07-03 16:14:06'),
(17, '2010 (U10) \"Первая лига\"', NULL, '2020-07-03 16:14:25'),
(18, '2007 (U13) \"Первая лига\"', NULL, '2020-07-03 16:15:08'),
(19, '2011 (U9) \"Высшая лига\"', NULL, '2020-07-03 16:15:49'),
(20, '2011 (U9) \"Первая лига\"', NULL, '2020-07-03 16:16:33'),
(21, '2008 (U12)', NULL, '2020-07-03 16:16:48'),
(22, '2012 (U8) \"Высшая лига\"', NULL, '2020-07-03 16:17:04');

-- --------------------------------------------------------

--
-- Структура таблицы `champs`
--

CREATE TABLE `champs` (
  `id` bigint(20) UNSIGNED NOT NULL,
  `name` varchar(191) COLLATE utf8mb4_unicode_ci NOT NULL,
  `created_at` timestamp NULL DEFAULT NULL,
  `updated_at` timestamp NULL DEFAULT NULL
) ENGINE=InnoDB DEFAULT CHARSET=utf8mb4 COLLATE=utf8mb4_unicode_ci;

--
-- Дамп данных таблицы `champs`
--

INSERT INTO `champs` (`id`, `name`, `created_at`, `updated_at`) VALUES
(1, 'Чемпионат города', NULL, NULL),
(2, 'Чемпионат страны', NULL, NULL);

-- --------------------------------------------------------

--
-- Структура таблицы `champ_teams`
--

CREATE TABLE `champ_teams` (
  `id` bigint(20) UNSIGNED NOT NULL,
  `champ_id` bigint(20) UNSIGNED NOT NULL,
  `team_id` bigint(20) UNSIGNED NOT NULL,
  `z` smallint(5) UNSIGNED NOT NULL,
  `p` smallint(5) UNSIGNED NOT NULL,
  `o` smallint(5) UNSIGNED NOT NULL,
  `year` smallint(6) NOT NULL,
  `created_at` timestamp NULL DEFAULT NULL,
  `updated_at` timestamp NULL DEFAULT NULL
) ENGINE=InnoDB DEFAULT CHARSET=utf8mb4 COLLATE=utf8mb4_unicode_ci;

--
-- Дамп данных таблицы `champ_teams`
--

INSERT INTO `champ_teams` (`id`, `champ_id`, `team_id`, `z`, `p`, `o`, `year`, `created_at`, `updated_at`) VALUES
(22, 1, 128, 0, 0, 0, 2020, '2020-07-05 10:37:35', '2020-07-05 10:37:35'),
(23, 1, 129, 0, 0, 0, 2020, '2020-07-05 10:41:02', '2020-07-05 10:45:48'),
(24, 1, 130, 0, 0, 0, 2020, '2020-07-05 10:45:17', '2020-07-05 10:45:21'),
(25, 1, 131, 0, 0, 0, 2020, '2020-07-05 10:46:19', '2020-07-05 10:46:19'),
(26, 1, 7, 0, 0, 0, 2020, '2020-07-05 10:46:37', '2020-07-05 10:46:37'),
(27, 1, 10, 0, 0, 0, 2020, '2020-07-05 10:46:56', '2020-07-05 10:46:56'),
(28, 1, 9, 0, 0, 0, 2020, '2020-07-05 10:47:43', '2020-07-05 10:47:43'),
(29, 1, 11, 0, 0, 0, 2020, '2020-07-05 10:47:58', '2020-07-05 10:47:58'),
(30, 1, 132, 0, 0, 0, 2020, '2020-07-05 10:49:04', '2020-07-05 10:49:04'),
(31, 1, 133, 0, 0, 0, 2020, '2020-07-05 10:52:11', '2020-07-05 10:52:11'),
(32, 1, 134, 0, 0, 0, 2020, '2020-07-05 10:53:55', '2020-07-05 10:53:55'),
(33, 1, 8, 0, 0, 0, 2020, '2020-07-05 10:54:09', '2020-07-05 10:54:09'),
(34, 1, 135, 0, 0, 0, 2020, '2020-07-05 10:55:13', '2020-07-05 10:55:13'),
(35, 1, 60, 0, 0, 0, 2020, '2020-07-05 10:55:56', '2020-07-05 10:55:56'),
(36, 1, 55, 0, 0, 0, 2020, '2020-07-05 10:56:55', '2020-07-05 10:56:55'),
(37, 1, 41, 0, 0, 0, 2020, '2020-07-05 10:57:30', '2020-07-05 10:57:30'),
(38, 1, 43, 0, 0, 0, 2020, '2020-07-05 10:57:50', '2020-07-05 10:57:50'),
(39, 1, 45, 0, 0, 0, 2020, '2020-07-05 10:58:05', '2020-07-05 10:58:05'),
(40, 1, 46, 0, 0, 0, 2020, '2020-07-05 10:58:23', '2020-07-05 10:58:23'),
(41, 1, 54, 0, 0, 0, 2020, '2020-07-05 10:58:38', '2020-07-05 10:58:38'),
(42, 1, 49, 0, 0, 0, 2020, '2020-07-05 10:58:56', '2020-07-05 10:58:56'),
(43, 1, 58, 0, 0, 0, 2020, '2020-07-05 10:59:10', '2020-07-05 10:59:10'),
(44, 1, 136, 0, 0, 0, 2020, '2020-07-05 11:00:07', '2020-07-05 11:00:07'),
(45, 1, 137, 0, 0, 0, 2020, '2020-07-05 11:01:05', '2020-07-05 11:01:05'),
(46, 1, 56, 0, 0, 0, 2020, '2020-07-05 11:34:56', '2020-07-05 11:34:56'),
(47, 1, 42, 0, 0, 0, 2020, '2020-07-05 11:35:13', '2020-07-05 11:35:13'),
(48, 1, 42, 0, 0, 0, 2020, '2020-07-05 11:36:36', '2020-07-05 11:36:36'),
(49, 1, 48, 0, 0, 0, 2020, '2020-07-05 11:36:58', '2020-07-05 11:36:58'),
(50, 1, 47, 0, 0, 0, 2020, '2020-07-05 11:37:11', '2020-07-05 11:37:11'),
(51, 1, 50, 0, 0, 0, 2020, '2020-07-05 11:37:29', '2020-07-05 11:37:29'),
(52, 1, 53, 0, 0, 0, 2020, '2020-07-05 11:37:42', '2020-07-05 11:37:42'),
(53, 1, 57, 0, 0, 0, 2020, '2020-07-05 11:38:30', '2020-07-05 11:38:30'),
(54, 1, 138, 0, 0, 0, 2020, '2020-07-05 11:39:50', '2020-07-05 11:39:50'),
(55, 1, 59, 0, 0, 0, 2020, '2020-07-05 11:40:47', '2020-07-05 11:40:47'),
(56, 1, 51, 0, 0, 0, 2020, '2020-07-05 11:41:03', '2020-07-05 11:41:03'),
(57, 1, 52, 0, 0, 0, 2020, '2020-07-05 11:41:25', '2020-07-05 11:41:25'),
(58, 1, 44, 0, 0, 0, 2020, '2020-07-05 11:42:07', '2020-07-05 11:42:07'),
(59, 1, 40, 0, 0, 0, 2020, '2020-07-05 11:42:19', '2020-07-05 11:42:19'),
(60, 1, 115, 0, 0, 0, 2020, '2020-07-05 11:43:14', '2020-07-05 11:43:14'),
(61, 1, 116, 0, 0, 0, 2020, '2020-07-05 11:43:30', '2020-07-05 11:43:30'),
(62, 1, 117, 0, 0, 0, 2020, '2020-07-05 11:43:43', '2020-07-05 11:43:43'),
(63, 1, 118, 0, 0, 0, 2020, '2020-07-05 11:43:58', '2020-07-05 11:43:58'),
(64, 1, 119, 0, 0, 0, 2020, '2020-07-05 11:44:35', '2020-07-05 11:44:35'),
(65, 1, 120, 0, 0, 0, 2020, '2020-07-05 11:45:09', '2020-07-05 11:45:09'),
(66, 1, 121, 0, 0, 0, 2020, '2020-07-05 11:45:22', '2020-07-05 11:45:22'),
(67, 1, 125, 0, 0, 0, 2020, '2020-07-05 11:45:41', '2020-07-05 11:45:41'),
(68, 1, 123, 0, 0, 0, 2020, '2020-07-05 11:46:07', '2020-07-05 11:46:07'),
(69, 1, 124, 0, 0, 0, 2020, '2020-07-05 11:46:22', '2020-07-05 11:46:22'),
(70, 1, 139, 0, 0, 0, 2020, '2020-07-05 11:47:16', '2020-07-05 11:47:16'),
(71, 1, 122, 0, 0, 0, 2020, '2020-07-05 11:47:56', '2020-07-05 11:47:56'),
(72, 1, 126, 0, 0, 0, 2020, '2020-07-05 11:48:07', '2020-07-05 11:48:07'),
(73, 1, 140, 0, 0, 0, 2020, '2020-07-05 11:49:03', '2020-07-05 11:52:42'),
(74, 1, 120, 0, 0, 0, 2020, '2020-07-05 11:49:44', '2020-07-05 11:49:44'),
(75, 1, 121, 0, 0, 0, 2020, '2020-07-05 11:50:03', '2020-07-05 11:50:03'),
(76, 1, 141, 0, 0, 0, 2020, '2020-07-05 11:53:01', '2020-07-05 11:53:01'),
(77, 1, 142, 0, 0, 0, 2020, '2020-07-05 11:53:13', '2020-07-05 11:53:13'),
(78, 1, 127, 0, 0, 0, 2020, '2020-07-05 11:53:35', '2020-07-05 11:53:35'),
(79, 1, 12, 0, 0, 0, 2020, '2020-07-05 11:53:56', '2020-07-05 11:53:56'),
(80, 1, 13, 0, 0, 0, 2020, '2020-07-05 11:54:08', '2020-07-05 11:54:08'),
(81, 1, 14, 0, 0, 0, 2020, '2020-07-05 11:54:18', '2020-07-05 11:54:18'),
(82, 1, 15, 0, 0, 0, 2020, '2020-07-05 11:54:31', '2020-07-05 11:54:31'),
(83, 1, 16, 0, 0, 0, 2020, '2020-07-05 11:54:43', '2020-07-05 11:54:43'),
(84, 1, 17, 0, 0, 0, 2020, '2020-07-05 11:54:56', '2020-07-05 11:54:56'),
(85, 1, 18, 0, 0, 0, 2020, '2020-07-05 11:55:16', '2020-07-05 11:55:16'),
(86, 1, 19, 0, 0, 0, 2020, '2020-07-05 11:55:33', '2020-07-05 11:55:33'),
(87, 1, 143, 0, 0, 0, 2020, '2020-07-05 11:58:37', '2020-07-05 11:58:37'),
(88, 1, 144, 0, 0, 0, 2020, '2020-07-05 12:01:32', '2020-07-05 12:01:32'),
(89, 1, 145, 0, 0, 0, 2020, '2020-07-05 12:02:25', '2020-07-05 12:02:25'),
(90, 1, 146, 0, 0, 0, 2020, '2020-07-05 12:03:56', '2020-07-05 12:03:56'),
(91, 1, 147, 0, 0, 0, 2020, '2020-07-05 12:05:47', '2020-07-05 12:05:47'),
(92, 1, 61, 0, 0, 0, 2020, '2020-07-05 12:06:40', '2020-07-05 12:06:40'),
(93, 1, 63, 0, 0, 0, 2020, '2020-07-05 12:06:56', '2020-07-05 12:06:56'),
(94, 1, 66, 0, 0, 0, 2020, '2020-07-05 12:07:41', '2020-07-05 12:07:41'),
(95, 1, 68, 0, 0, 0, 2020, '2020-07-05 12:08:03', '2020-07-05 12:08:03'),
(96, 1, 69, 0, 0, 0, 2020, '2020-07-05 12:08:21', '2020-07-05 12:08:21'),
(97, 1, 74, 0, 0, 0, 2020, '2020-07-05 12:08:34', '2020-07-05 12:08:34'),
(98, 1, 148, 0, 0, 0, 2020, '2020-07-05 12:12:23', '2020-07-05 12:12:23'),
(99, 1, 76, 0, 0, 0, 2020, '2020-07-05 12:12:48', '2020-07-05 12:12:48'),
(100, 1, 149, 0, 0, 0, 2020, '2020-07-05 12:15:55', '2020-07-05 12:15:55'),
(101, 1, 71, 0, 0, 0, 2020, '2020-07-05 12:16:14', '2020-07-05 12:16:14'),
(102, 1, 150, 0, 0, 0, 2020, '2020-07-05 12:17:39', '2020-07-05 12:17:39'),
(103, 1, 79, 0, 0, 0, 2020, '2020-07-05 12:17:56', '2020-07-05 12:17:56'),
(104, 1, 151, 0, 0, 0, 2020, '2020-07-05 12:20:40', '2020-07-05 12:20:40'),
(105, 1, 62, 0, 0, 0, 2020, '2020-07-05 12:27:39', '2020-07-05 12:27:39'),
(106, 1, 64, 0, 0, 0, 2020, '2020-07-05 12:27:52', '2020-07-05 12:27:52'),
(107, 1, 67, 0, 0, 0, 2020, '2020-07-05 12:28:10', '2020-07-05 12:28:10'),
(108, 1, 65, 0, 0, 0, 2020, '2020-07-05 12:28:25', '2020-07-05 12:28:25'),
(109, 1, 75, 0, 0, 0, 2020, '2020-07-05 12:28:50', '2020-07-05 12:28:50'),
(110, 1, 70, 0, 0, 0, 2020, '2020-07-05 12:29:38', '2020-07-05 12:29:38'),
(111, 1, 152, 0, 0, 0, 2020, '2020-07-05 12:31:55', '2020-07-05 12:31:55'),
(112, 1, 153, 0, 0, 0, 2020, '2020-07-05 12:34:16', '2020-07-05 12:34:16'),
(113, 1, 72, 0, 0, 0, 2020, '2020-07-05 12:34:32', '2020-07-05 12:34:32'),
(114, 1, 73, 0, 0, 0, 2020, '2020-07-05 12:35:12', '2020-07-05 12:35:12'),
(115, 1, 80, 0, 0, 0, 2020, '2020-07-05 12:35:35', '2020-07-05 12:35:35'),
(116, 1, 154, 0, 0, 0, 2020, '2020-07-05 12:36:40', '2020-07-05 12:36:40'),
(117, 1, 77, 0, 0, 0, 2020, '2020-07-05 12:36:54', '2020-07-05 12:36:54'),
(118, 1, 78, 0, 0, 0, 2020, '2020-07-05 12:37:08', '2020-07-05 12:37:08'),
(119, 1, 155, 0, 0, 0, 2020, '2020-07-05 12:38:18', '2020-07-05 12:38:18'),
(120, 1, 156, 0, 0, 0, 2020, '2020-07-05 12:39:10', '2020-07-05 12:39:10'),
(121, 1, 157, 0, 0, 0, 2020, '2020-07-05 12:40:21', '2020-07-05 12:40:21'),
(122, 1, 158, 0, 0, 0, 2020, '2020-07-05 12:50:47', '2020-07-05 12:50:47'),
(123, 1, 20, 0, 0, 0, 2020, '2020-07-05 12:52:00', '2020-07-05 12:52:00'),
(124, 1, 21, 0, 0, 0, 2020, '2020-07-05 13:05:10', '2020-07-05 13:05:10'),
(125, 1, 29, 0, 0, 0, 2020, '2020-07-05 13:09:11', '2020-07-05 13:09:11'),
(126, 1, 23, 0, 0, 0, 2020, '2020-07-05 13:09:26', '2020-07-05 13:09:26'),
(127, 1, 159, 0, 0, 0, 2020, '2020-07-05 13:10:53', '2020-07-05 13:10:53'),
(128, 1, 27, 0, 0, 0, 2020, '2020-07-05 13:11:16', '2020-07-05 13:11:16'),
(129, 1, 28, 0, 0, 0, 2020, '2020-07-05 13:11:29', '2020-07-05 13:11:29'),
(130, 1, 160, 0, 0, 0, 2020, '2020-07-05 13:13:14', '2020-07-05 13:13:14'),
(131, 1, 161, 0, 0, 0, 2020, '2020-07-05 13:15:04', '2020-07-05 13:15:04'),
(132, 1, 162, 0, 0, 0, 2020, '2020-07-05 13:17:37', '2020-07-05 13:17:37'),
(133, 1, 26, 0, 0, 0, 2020, '2020-07-05 13:17:49', '2020-07-05 13:17:49'),
(134, 1, 25, 0, 0, 0, 2020, '2020-07-05 13:19:25', '2020-07-05 13:19:25'),
(135, 1, 163, 0, 0, 0, 2020, '2020-07-05 13:21:04', '2020-07-05 13:21:04'),
(136, 1, 24, 0, 0, 0, 2020, '2020-07-05 13:21:28', '2020-07-05 13:21:28'),
(137, 1, 164, 0, 0, 0, 2020, '2020-07-05 13:22:37', '2020-07-05 13:22:37'),
(138, 1, 165, 0, 0, 0, 2020, '2020-07-05 13:23:41', '2020-07-05 13:23:41'),
(139, 1, 166, 0, 0, 0, 2020, '2020-07-05 13:25:41', '2020-07-05 13:25:41'),
(140, 1, 84, 0, 0, 0, 2020, '2020-07-05 13:27:36', '2020-07-05 13:27:36'),
(141, 1, 82, 0, 0, 0, 2020, '2020-07-05 13:27:57', '2020-07-05 13:27:57'),
(142, 1, 86, 0, 0, 0, 2020, '2020-07-05 13:29:06', '2020-07-05 13:29:06'),
(143, 1, 88, 0, 0, 0, 2020, '2020-07-05 13:30:45', '2020-07-05 13:30:45'),
(144, 1, 89, 0, 0, 0, 2020, '2020-07-05 13:30:58', '2020-07-05 13:30:58'),
(145, 1, 95, 0, 0, 0, 2020, '2020-07-05 13:31:11', '2020-07-05 13:31:11'),
(146, 1, 167, 0, 0, 0, 2020, '2020-07-05 13:32:22', '2020-07-05 13:32:22'),
(147, 1, 168, 0, 0, 0, 2020, '2020-07-05 13:33:37', '2020-07-05 13:33:37'),
(148, 1, 97, 0, 0, 0, 2020, '2020-07-05 13:33:56', '2020-07-05 13:33:56'),
(150, 1, 169, 0, 0, 0, 2020, '2020-07-05 13:36:49', '2020-07-05 13:36:49'),
(151, 1, 170, 0, 0, 0, 2020, '2020-07-05 13:37:42', '2020-07-05 13:37:42'),
(152, 1, 83, 0, 0, 0, 2020, '2020-07-05 13:39:09', '2020-07-05 13:39:09'),
(153, 1, 81, 0, 0, 0, 2020, '2020-07-05 13:42:49', '2020-07-05 13:42:49'),
(154, 1, 87, 0, 0, 0, 2020, '2020-07-05 13:43:11', '2020-07-05 13:43:11'),
(155, 1, 92, 0, 0, 0, 2020, '2020-07-05 13:43:29', '2020-07-05 13:43:29'),
(156, 1, 91, 0, 0, 0, 2020, '2020-07-05 13:43:42', '2020-07-05 13:43:42'),
(157, 1, 90, 0, 0, 0, 2020, '2020-07-05 13:44:00', '2020-07-05 13:44:00'),
(158, 1, 90, 0, 0, 0, 2020, '2020-07-05 13:45:51', '2020-07-05 13:45:51'),
(159, 1, 171, 0, 0, 0, 2020, '2020-07-05 13:46:09', '2020-07-05 13:46:09'),
(160, 1, 93, 0, 0, 0, 2020, '2020-07-05 13:46:25', '2020-07-05 13:46:25'),
(161, 1, 94, 0, 0, 0, 2020, '2020-07-05 13:46:41', '2020-07-05 13:46:41'),
(162, 1, 96, 0, 0, 0, 2020, '2020-07-05 13:46:51', '2020-07-05 13:46:51'),
(163, 1, 172, 0, 0, 0, 2020, '2020-07-05 13:47:41', '2020-07-05 13:47:41'),
(164, 1, 173, 0, 0, 0, 2020, '2020-07-05 13:49:13', '2020-07-05 13:49:13'),
(165, 1, 174, 0, 0, 0, 2020, '2020-07-05 13:50:16', '2020-07-05 13:50:16'),
(166, 1, 175, 0, 0, 0, 2020, '2020-07-05 13:51:55', '2020-07-05 13:51:55'),
(167, 1, 176, 0, 0, 0, 2020, '2020-07-05 13:53:06', '2020-07-05 13:53:06'),
(168, 1, 30, 0, 0, 0, 2020, '2020-07-05 14:36:37', '2020-07-05 14:36:37'),
(169, 1, 31, 0, 0, 0, 2020, '2020-07-05 14:37:01', '2020-07-05 14:37:01'),
(170, 1, 32, 0, 0, 0, 2020, '2020-07-05 14:37:21', '2020-07-05 14:37:21'),
(171, 1, 33, 0, 0, 0, 2020, '2020-07-05 14:37:48', '2020-07-05 14:37:48'),
(172, 1, 34, 0, 0, 0, 2020, '2020-07-05 14:38:18', '2020-07-05 14:38:18'),
(173, 1, 35, 0, 0, 0, 2020, '2020-07-05 14:38:29', '2020-07-05 14:38:29'),
(174, 1, 36, 0, 0, 0, 2020, '2020-07-05 14:39:12', '2020-07-05 14:39:12'),
(175, 1, 37, 0, 0, 0, 2020, '2020-07-05 14:39:30', '2020-07-05 14:39:30'),
(176, 1, 38, 0, 0, 0, 2020, '2020-07-05 14:39:48', '2020-07-05 14:39:48'),
(177, 1, 39, 0, 0, 0, 2020, '2020-07-05 14:41:18', '2020-07-05 14:41:18'),
(178, 1, 177, 0, 0, 0, 2020, '2020-07-05 14:42:54', '2020-07-05 14:42:54'),
(179, 1, 178, 0, 0, 0, 2020, '2020-07-05 14:43:48', '2020-07-05 14:43:48'),
(180, 1, 179, 0, 0, 0, 2020, '2020-07-05 14:44:47', '2020-07-05 14:44:47'),
(181, 1, 98, 0, 0, 0, 2020, '2020-07-05 14:45:12', '2020-07-05 14:45:12'),
(182, 1, 111, 0, 0, 0, 2020, '2020-07-05 14:45:51', '2020-07-05 14:45:51'),
(183, 1, 100, 0, 0, 0, 2020, '2020-07-05 14:46:06', '2020-07-05 14:46:06'),
(184, 1, 104, 0, 0, 0, 2020, '2020-07-05 14:46:27', '2020-07-05 14:46:27'),
(185, 1, 102, 0, 0, 0, 2020, '2020-07-05 14:47:19', '2020-07-05 14:47:19'),
(186, 1, 110, 0, 0, 0, 2020, '2020-07-05 14:47:34', '2020-07-05 14:47:34'),
(187, 1, 112, 0, 0, 0, 2020, '2020-07-05 14:47:50', '2020-07-05 14:47:50'),
(188, 1, 180, 0, 0, 0, 2020, '2020-07-05 14:49:49', '2020-07-05 14:49:49'),
(189, 1, 181, 0, 0, 0, 2020, '2020-07-05 14:54:43', '2020-07-05 14:54:43'),
(190, 1, 107, 0, 0, 0, 2020, '2020-07-05 14:55:23', '2020-07-05 14:55:23'),
(191, 1, 108, 0, 0, 0, 2020, '2020-07-05 14:55:35', '2020-07-05 14:55:35'),
(192, 1, 182, 0, 0, 0, 2020, '2020-07-05 14:56:54', '2020-07-05 14:56:54'),
(193, 1, 183, 0, 0, 0, 2020, '2020-07-05 14:57:44', '2020-07-05 14:57:44'),
(194, 1, 99, 0, 0, 0, 2020, '2020-07-05 14:58:11', '2020-07-05 14:58:11'),
(195, 1, 101, 0, 0, 0, 2020, '2020-07-05 14:58:24', '2020-07-05 14:58:24'),
(196, 1, 109, 0, 0, 0, 2020, '2020-07-05 14:58:42', '2020-07-05 14:58:42'),
(197, 1, 103, 0, 0, 0, 2020, '2020-07-05 14:58:53', '2020-07-05 14:58:53'),
(198, 1, 105, 0, 0, 0, 2020, '2020-07-05 15:00:20', '2020-07-05 15:00:20'),
(199, 1, 106, 0, 0, 0, 2020, '2020-07-05 15:01:49', '2020-07-05 15:01:49'),
(200, 1, 113, 0, 0, 0, 2020, '2020-07-05 15:02:05', '2020-07-05 15:02:05'),
(201, 1, 114, 0, 0, 0, 2020, '2020-07-05 15:02:15', '2020-07-05 15:02:15'),
(202, 1, 184, 0, 0, 0, 2020, '2020-07-05 15:03:09', '2020-07-05 15:03:09'),
(203, 1, 185, 0, 0, 0, 2020, '2020-07-05 15:04:00', '2020-07-05 15:04:00'),
(204, 1, 186, 0, 0, 0, 2020, '2020-07-05 15:05:16', '2020-07-05 15:05:16'),
(205, 1, 187, 0, 0, 0, 2020, '2020-07-05 15:07:26', '2020-07-05 15:07:26'),
(206, 1, 188, 0, 0, 0, 2020, '2020-07-05 15:07:36', '2020-07-05 15:07:36'),
(207, 1, 189, 0, 0, 0, 2020, '2020-07-05 15:07:45', '2020-07-05 15:07:45');

-- --------------------------------------------------------

--
-- Структура таблицы `command_structures`
--

CREATE TABLE `command_structures` (
  `id` bigint(20) UNSIGNED NOT NULL,
  `command` varchar(255) COLLATE utf8mb4_unicode_ci NOT NULL,
  `structure` varchar(255) COLLATE utf8mb4_unicode_ci NOT NULL,
  `created_at` timestamp NULL DEFAULT NULL,
  `updated_at` timestamp NULL DEFAULT NULL
) ENGINE=InnoDB DEFAULT CHARSET=utf8mb4 COLLATE=utf8mb4_unicode_ci;

-- --------------------------------------------------------

--
-- Структура таблицы `failed_jobs`
--

CREATE TABLE `failed_jobs` (
  `id` bigint(20) UNSIGNED NOT NULL,
  `connection` text COLLATE utf8mb4_unicode_ci NOT NULL,
  `queue` text COLLATE utf8mb4_unicode_ci NOT NULL,
  `payload` longtext COLLATE utf8mb4_unicode_ci NOT NULL,
  `exception` longtext COLLATE utf8mb4_unicode_ci NOT NULL,
  `failed_at` timestamp NOT NULL DEFAULT CURRENT_TIMESTAMP
) ENGINE=InnoDB DEFAULT CHARSET=utf8mb4 COLLATE=utf8mb4_unicode_ci;

-- --------------------------------------------------------

--
-- Структура таблицы `matches`
--

CREATE TABLE `matches` (
  `id` bigint(20) UNSIGNED NOT NULL,
  `champ_id` bigint(20) UNSIGNED NOT NULL,
  `tour` smallint(5) UNSIGNED NOT NULL,
  `round` smallint(5) UNSIGNED NOT NULL,
  `date` date NOT NULL,
  `created_at` timestamp NULL DEFAULT NULL,
  `updated_at` timestamp NULL DEFAULT NULL,
  `stadium_id` varchar(191) COLLATE utf8mb4_unicode_ci DEFAULT NULL
) ENGINE=InnoDB DEFAULT CHARSET=utf8mb4 COLLATE=utf8mb4_unicode_ci;

--
-- Дамп данных таблицы `matches`
--

INSERT INTO `matches` (`id`, `champ_id`, `tour`, `round`, `date`, `created_at`, `updated_at`, `stadium_id`) VALUES
(1, 1, 1, 2, '2020-03-10', NULL, NULL, NULL),
(2, 1, 4, 22, '2020-03-10', NULL, NULL, NULL),
(3, 2, 4, 5, '2020-03-11', NULL, NULL, NULL),
(4, 2, 4, 1, '2020-03-24', NULL, NULL, NULL),
(5, 2, 3, 1, '2020-01-11', '2020-03-11 18:33:41', '2020-03-11 18:33:41', NULL),
(6, 2, 3, 1, '2020-01-11', '2020-03-11 18:34:53', '2020-03-11 18:34:53', NULL),
(7, 2, 3, 1, '2020-01-11', '2020-03-11 18:36:36', '2020-03-11 18:36:36', NULL),
(8, 1, 2, 1, '2020-06-23', '2020-06-26 06:33:57', '2020-06-26 06:33:57', NULL),
(9, 1, 1, 1, '2020-06-25', '2020-06-26 06:36:46', '2020-06-26 06:36:46', NULL);

-- --------------------------------------------------------

--
-- Структура таблицы `match_teams`
--

CREATE TABLE `match_teams` (
  `id` bigint(20) UNSIGNED NOT NULL,
  `match_id` bigint(20) UNSIGNED NOT NULL,
  `team_id` bigint(20) UNSIGNED NOT NULL,
  `goal` tinyint(3) UNSIGNED NOT NULL,
  `created_at` timestamp NULL DEFAULT NULL,
  `updated_at` timestamp NULL DEFAULT NULL
) ENGINE=InnoDB DEFAULT CHARSET=utf8mb4 COLLATE=utf8mb4_unicode_ci;

--
-- Дамп данных таблицы `match_teams`
--

INSERT INTO `match_teams` (`id`, `match_id`, `team_id`, `goal`, `created_at`, `updated_at`) VALUES
(15, 1, 10, 1, NULL, NULL),
(16, 1, 8, 2, NULL, NULL),
(17, 2, 8, 1, NULL, NULL),
(18, 2, 19, 3, NULL, NULL),
(19, 3, 11, 2, NULL, NULL),
(20, 3, 14, 3, NULL, NULL),
(21, 4, 12, 3, NULL, NULL),
(22, 4, 23, 1, NULL, NULL),
(23, 5, 29, 4, NULL, NULL),
(24, 5, 24, 1, NULL, NULL),
(25, 6, 36, 5, NULL, NULL),
(26, 6, 78, 2, NULL, NULL),
(27, 7, 53, 2, NULL, NULL),
(28, 7, 59, 1, NULL, NULL),
(29, 8, 7, 2, NULL, NULL),
(30, 8, 8, 1, NULL, NULL),
(31, 9, 7, 2, NULL, NULL),
(32, 9, 8, 1, NULL, NULL);

-- --------------------------------------------------------

--
-- Структура таблицы `migrations`
--

CREATE TABLE `migrations` (
  `id` int(10) UNSIGNED NOT NULL,
  `migration` varchar(255) COLLATE utf8mb4_unicode_ci NOT NULL,
  `batch` int(11) NOT NULL
) ENGINE=InnoDB DEFAULT CHARSET=utf8mb4 COLLATE=utf8mb4_unicode_ci;

--
-- Дамп данных таблицы `migrations`
--

INSERT INTO `migrations` (`id`, `migration`, `batch`) VALUES
(1, '2014_10_12_000000_create_users_table', 1),
(2, '2014_10_12_100000_create_password_resets_table', 1),
(3, '2019_08_19_000000_create_failed_jobs_table', 1),
(4, '2020_02_24_105248_create_team_lists_table', 1),
(5, '2020_02_24_130411_create_command_structures_table', 1),
(6, '2020_02_25_172927_create_results_table', 1),
(7, '2016_06_01_000001_create_oauth_auth_codes_table', 2),
(8, '2016_06_01_000002_create_oauth_access_tokens_table', 2),
(9, '2016_06_01_000003_create_oauth_refresh_tokens_table', 2),
(10, '2016_06_01_000004_create_oauth_clients_table', 2),
(11, '2016_06_01_000005_create_oauth_personal_access_clients_table', 2),
(12, '2020_02_27_211308_create_team_compositions_table', 3),
(13, '2020_03_10_074309_create_champs_table', 3),
(14, '2020_03_10_074328_create_teams_table', 3),
(15, '2020_03_10_074338_create_champ_teams_table', 3),
(16, '2020_03_10_074407_create_trainers_table', 3),
(17, '2020_03_10_074419_create_matches_table', 3),
(18, '2020_03_10_074444_create_players_table', 3),
(19, '2020_03_10_075904_create_match_teams_table', 3),
(20, '2020_03_11_021526_add_year_to_champ_teams', 3),
(21, '2020_06_19_195932_create_categories_table', 4),
(22, '2020_06_19_200501_update_team_table', 4),
(23, '2020_06_27_140710_create_payments_table', 5),
(24, '2020_06_27_185814_add_column_stadium_to_matches_table', 6),
(25, '2020_06_27_190204_create_stadiums_table', 6),
(26, '2020_06_28_104021_add_column_active_to_users_table', 7);

-- --------------------------------------------------------

--
-- Структура таблицы `oauth_access_tokens`
--

CREATE TABLE `oauth_access_tokens` (
  `id` varchar(100) COLLATE utf8mb4_unicode_ci NOT NULL,
  `user_id` bigint(20) UNSIGNED DEFAULT NULL,
  `client_id` bigint(20) UNSIGNED NOT NULL,
  `name` varchar(255) COLLATE utf8mb4_unicode_ci DEFAULT NULL,
  `scopes` text COLLATE utf8mb4_unicode_ci,
  `revoked` tinyint(1) NOT NULL,
  `created_at` timestamp NULL DEFAULT NULL,
  `updated_at` timestamp NULL DEFAULT NULL,
  `expires_at` datetime DEFAULT NULL
) ENGINE=InnoDB DEFAULT CHARSET=utf8mb4 COLLATE=utf8mb4_unicode_ci;

--
-- Дамп данных таблицы `oauth_access_tokens`
--

INSERT INTO `oauth_access_tokens` (`id`, `user_id`, `client_id`, `name`, `scopes`, `revoked`, `created_at`, `updated_at`, `expires_at`) VALUES
('0040e1c6d1aa97ed71aa8fb15e4e8e3b141c1acfaf5ffb461e26a837ebd474bab8facaacdcd27517', 81, 1, 'Personal Access Token', '[]', 0, '2020-07-04 19:26:40', '2020-07-04 19:26:40', '2021-07-04 22:26:40'),
('00b189f2c55c8b2477e8954115d6a88485a04cee79e377503ffb682897529ddd3f98dd98f931442b', 33, 1, 'Personal Access Token', '[]', 1, '2020-03-13 12:26:57', '2020-03-13 12:26:57', '2021-03-13 15:26:57'),
('0613bf60abfe2122c7b9dcd9a267cf18c35f3ee1eeee23e15ec90d3c20f1ab4cf477841a8de79074', 16, 1, 'Personal Access Token', '[]', 0, '2020-03-11 19:21:00', '2020-03-11 19:21:00', '2021-03-11 22:21:00'),
('0668772b5140ba7d530dcc7e7b961d05f07cf51d60f2666f1a0c8e72d8a94a45304425f6ede7c45c', 57, 1, 'Personal Access Token', '[]', 0, '2020-03-19 10:07:17', '2020-03-19 10:07:17', '2021-03-19 13:07:17'),
('0792bb9a1f8639ea5b8e15cc478acd520eb6797fa4305784af4fa0e9bb5f081a0dce0dedd2ae9758', 81, 1, 'Personal Access Token', '[]', 0, '2020-07-02 12:57:32', '2020-07-02 12:57:32', '2021-07-02 15:57:32'),
('082f1885de531deec36a81732bb4ef3bf7cf698a77d54da8127d509de61bd7303370b7b24d564b21', 2, 1, 'Personal Access Token', '[]', 0, '2020-03-12 16:34:13', '2020-03-12 16:34:13', '2021-03-12 19:34:13'),
('08485f6d01235feb8bfc66627a51286f43202086def6694a2b6c21c4f9311abb77242a7bc9f424ef', 88, 1, 'Personal Access Token', '[]', 0, '2020-07-03 14:34:11', '2020-07-03 14:34:11', '2021-07-03 17:34:11'),
('09ff169bcf452d11ae64ba2d77aea2e42660ac65933237245dc1411cec8bd16e8b9eb25788e164ed', 67, 1, 'Personal Access Token', '[]', 0, '2020-03-19 10:43:54', '2020-03-19 10:43:54', '2021-03-19 13:43:54'),
('0b37336dc4553e24e660de076829375d628e1f7caa9630fd1a43b663f3fdc5423db8f9e8521779a9', 37, 1, 'Personal Access Token', '[]', 0, '2020-03-13 13:18:25', '2020-03-13 13:18:25', '2021-03-13 16:18:25'),
('0c0a15ea83a61c538de0a8722a9a5d4894ccdca549a1a22f507dbfd61bc14eba15c930cd628c3b81', 34, 1, 'Personal Access Token', '[]', 0, '2020-03-13 12:31:21', '2020-03-13 12:31:21', '2021-03-13 15:31:21'),
('0de0c3d9aa82be56de85309c90ec8509decc4f39ccfe34b4901d59507b74732b6dcbd8e281b14af3', 87, 1, 'Personal Access Token', '[]', 0, '2020-07-03 13:32:28', '2020-07-03 13:32:28', '2021-07-03 16:32:28'),
('0f17a0499835fefb54c2842d84ef86f014f8c535cff235e01981c94269f76bcbea6ba3c935a3ba91', 21, 1, 'Personal Access Token', '[]', 1, '2020-03-12 07:00:04', '2020-03-12 07:00:04', '2021-03-12 10:00:04'),
('0f336d24523ae4fcb780b793bb1abd08f288a694a45016388daef94edd2cc852460e74cbb0fd5d4d', 55, 1, 'Personal Access Token', '[]', 1, '2020-03-19 09:50:04', '2020-03-19 09:50:04', '2021-03-19 12:50:04'),
('0ff6847317791ac1e7bff610660a328ef6c13bb5148453d248aca5e48905c1e0be6cd91dd473d062', 50, 1, 'Personal Access Token', '[]', 1, '2020-03-15 12:05:55', '2020-03-15 12:05:55', '2021-03-15 15:05:55'),
('1053f2ab89e3fe05a6088884e8f52c4a767ba0f296edbb8604f33ec0cdd8fe98e2b93dbc97501704', 81, 1, 'Personal Access Token', '[]', 0, '2020-07-03 13:31:44', '2020-07-03 13:31:44', '2021-07-03 16:31:44'),
('1735219dfaf4a70b3b9b310662c0d4e9e3a9b20afa6e1e5ccaa9eb023333c2436b3b192b77fc157c', 71, 1, 'Personal Access Token', '[]', 0, '2020-04-06 10:28:36', '2020-04-06 10:28:36', '2021-04-06 13:28:36'),
('185db529de0f65cdc6a736456ffce4006f0fca98bc1af623562b0574469accb94d658287891e3077', 88, 1, 'Personal Access Token', '[]', 0, '2020-07-03 14:34:10', '2020-07-03 14:34:10', '2021-07-03 17:34:10'),
('18e9e0aaa75e43da6d1571983b446264bef27bd02b49c346a47e604e3f82db01ceeb77538fd9c603', 81, 1, 'Personal Access Token', '[]', 0, '2020-07-01 08:54:01', '2020-07-01 08:54:01', '2021-07-01 11:54:01'),
('190c905ca47e08ff4b3bb798663be39559c18d9e279a4a860b7f077df4ba7a320562a17c65ce0051', 76, 1, 'Personal Access Token', '[]', 0, '2020-04-17 06:38:01', '2020-04-17 06:38:01', '2021-04-17 09:38:01'),
('19eb01e32b6efb11860883561117b5a6933bb92c098d1e958ef19b158164d05c1b6cf386aeb2b49e', 2, 1, 'Personal Access Token', '[]', 0, '2020-03-12 16:34:38', '2020-03-12 16:34:38', '2021-03-12 19:34:38'),
('1a175668d84bd719d27c26dd68eeac40c09644f799bcd007f9c320ad04b300b5594a1d60bf56fff5', 80, 1, 'Personal Access Token', '[]', 1, '2020-04-27 09:42:54', '2020-04-27 09:42:54', '2021-04-27 12:42:54'),
('1ab828841bd69ee6de5cbbf2e780536d8b9b4e6175f56a63505f6fa48c8beab070f0cacf3e82b217', 2, 1, 'Personal Access Token', '[]', 0, '2020-03-12 16:34:40', '2020-03-12 16:34:40', '2021-03-12 19:34:40'),
('1b18212ae9574dca9b64ab78c966ef2b3cdc3b79da55a0abd22ae3696dba89187596576a6ba55b19', 80, 1, 'Personal Access Token', '[]', 1, '2020-04-27 10:56:23', '2020-04-27 10:56:23', '2021-04-27 13:56:23'),
('1c1a2206e3ee23190290f0e97b5bc14a0986cac3ff06a0a783b6d8ec8af5a516a5064e0e5902d9a2', 71, 1, 'Personal Access Token', '[]', 0, '2020-04-09 09:02:00', '2020-04-09 09:02:00', '2021-04-09 12:02:00'),
('25db8d8b1d898ed840e09f1fe9262a738275c3a714ede7b5ef624bc54a7e182489670e19e68df38a', 90, 1, 'Personal Access Token', '[]', 0, '2020-07-04 09:54:51', '2020-07-04 09:54:51', '2021-07-04 12:54:51'),
('263427d2b6af4f4a133221b8a2c5c7743cf5c4f98b136dc17ce3f6cd98ac1734867ac51f318c89e8', 81, 1, 'Personal Access Token', '[]', 0, '2020-07-01 08:58:50', '2020-07-01 08:58:50', '2021-07-01 11:58:50'),
('2734b7754e69a90671e447e5a83d865b335f66fafdfaaa0c4ba78e9ee66ad0171017770bbf239ee5', 81, 1, 'Personal Access Token', '[]', 0, '2020-07-01 10:09:49', '2020-07-01 10:09:49', '2021-07-01 13:09:49'),
('27be20f9dcceb21ecf45761868ec136af5f931f8645a83a3d322eecde7f95108b188ca2e386398a8', 87, 1, 'Personal Access Token', '[]', 0, '2020-07-05 12:54:22', '2020-07-05 12:54:22', '2021-07-05 15:54:22'),
('28109a0bcb3b1f7ffbd659064c15e0f08c401fd727216bb788c9d86ccd85515e742ef806225ef2ee', 44, 1, 'Personal Access Token', '[]', 1, '2020-03-13 14:33:23', '2020-03-13 14:33:23', '2021-03-13 17:33:23'),
('2aeb546a9997c8f6c28955ad6f3df8450d93ebe898a950da7bafd28bb341d6bdadf95bf23ef362a8', 2, 1, 'Personal Access Token', '[]', 1, '2020-03-12 13:42:10', '2020-03-12 13:42:10', '2021-03-12 16:42:10'),
('3362529926338faeddb2ab9878fdc8893f92b326add2862b973835c039d3844574aec012f21d307b', 19, 1, 'Personal Access Token', '[]', 0, '2020-03-11 19:46:40', '2020-03-11 19:46:40', '2021-03-11 22:46:40'),
('3570065d28b7f23b1feab94ea5f10b2d708077f710a0cb76202b4e8189535e4854d712c95c2c07e2', 27, 1, 'Personal Access Token', '[]', 0, '2020-03-12 16:49:58', '2020-03-12 16:49:58', '2021-03-12 19:49:58'),
('369ef173e5af78a577d8396401769a561f159ee01ae37f2c02b57b8ae22a34294163eb96f999e530', 80, 1, 'Personal Access Token', '[]', 1, '2020-04-27 09:38:50', '2020-04-27 09:38:50', '2021-04-27 12:38:50'),
('37e332305aea76ba8a0c57fb2654859e40c06488d57eb88e9f6b21971189260405cfecc7592dde8c', 1, 1, 'Personal Access Token', '[]', 1, '2020-02-26 08:55:46', '2020-02-26 08:55:46', '2021-02-26 11:55:46'),
('3a76b80b334a56cb0a60d37b468b87710c6d76bc733bc37722912b7303ea10f4b04239d63db19c7a', 89, 1, 'Personal Access Token', '[]', 0, '2020-07-04 06:03:38', '2020-07-04 06:03:38', '2021-07-04 09:03:38'),
('3a883f24bfaa53908a9e8b72717683f33131441f2950ef38ed5818d724c2b8c2b1b5f01d48a03b7c', 75, 1, 'Personal Access Token', '[]', 1, '2020-04-06 10:24:05', '2020-04-06 10:24:05', '2021-04-06 13:24:05'),
('3a8c99f6a483ad6ef430ff46ac7e12b0135e3ae61c072d2fe4866e59f6942e6934ee0c6b26f368f5', 81, 1, 'Personal Access Token', '[]', 0, '2020-07-01 17:13:45', '2020-07-01 17:13:45', '2021-07-01 20:13:45'),
('3dc7a7fe00534d867db2d695f7acb5a92f8ed51a712c2e501b718eaaad052d01f948e703c76495cb', 81, 1, 'Personal Access Token', '[]', 0, '2020-07-04 06:02:12', '2020-07-04 06:02:12', '2021-07-04 09:02:12'),
('407a35f44ad519a643eaa0628d167b872fda39ae36c31eafc4c3c2685d00f6404cafbdd696f455e7', 50, 1, 'Personal Access Token', '[]', 0, '2020-03-15 11:43:05', '2020-03-15 11:43:05', '2021-03-15 14:43:05'),
('44ce58079d14848288b527efbbde7b49000349900ac3ad12092ce878bcea8d2eadbc643fc4810466', 2, 1, 'Personal Access Token', '[]', 0, '2020-03-11 12:53:04', '2020-03-11 12:53:04', '2021-03-11 15:53:04'),
('46907423318b7d4b277bcaa5e455dec2ded80450e6df2b288318f70d8c1ba3007495ab4e61dc22a4', 71, 1, 'Personal Access Token', '[]', 0, '2020-04-01 14:36:45', '2020-04-01 14:36:45', '2021-04-01 17:36:45'),
('46e1b045c4714d118e91701bc921dfa313c5f8e379a0dc8fe646ee748a0739cbbeae581a72e8a3bb', 81, 1, 'Personal Access Token', '[]', 0, '2020-07-02 21:44:21', '2020-07-02 21:44:21', '2021-07-03 00:44:21'),
('4867343cb2d89ec91e4f54372ef39f1038e1ef6885abaf46870b74cb995276a14f421daf9990358b', 1, 1, 'Personal Access Token', '[]', 0, '2020-03-11 06:40:26', '2020-03-11 06:40:26', '2021-03-11 09:40:26'),
('49af3a08e65d1a3f640cb74e72840e28521e02fe50c8376637ae550526b4f4da9ea5adbcf8570970', 81, 1, 'Personal Access Token', '[]', 0, '2020-06-26 10:12:50', '2020-06-26 10:12:50', '2021-06-26 13:12:50'),
('4cc1583a802c127111995594ace47b52fc1940360e286147e1ee1eec5e464d9793e07896d5e4b3a1', 1, 1, 'Personal Access Token', '[]', 0, '2020-02-26 08:54:07', '2020-02-26 08:54:07', '2021-02-26 11:54:07'),
('4da674faf0595e5e4927248612c6d4d028097188df43f270222f043356315d36f54ce60ccb038243', 38, 1, 'Personal Access Token', '[]', 0, '2020-03-13 13:21:22', '2020-03-13 13:21:22', '2021-03-13 16:21:22'),
('4e74b35c95bec99b1225c2f2ecb089889fb05cb156545b6765147d2595d0ea594ac25ef8d4dd5798', 70, 1, 'Personal Access Token', '[]', 1, '2020-03-19 11:15:09', '2020-03-19 11:15:09', '2021-03-19 14:15:09'),
('51f34f31efd6370499e1e04074ea1a1c8c87af5d85756b0f18f5db24c0449c83edb0a621effc7b81', 71, 1, 'Personal Access Token', '[]', 1, '2020-04-06 10:20:56', '2020-04-06 10:20:56', '2021-04-06 13:20:56'),
('554fbd94fbad05186dac06ea3ed7cd9df745c92bf55c16a7cd848a9be1c6353bf1342ba7605ee186', 25, 1, 'Personal Access Token', '[]', 1, '2020-03-12 16:41:27', '2020-03-12 16:41:27', '2021-03-12 19:41:27'),
('58dbbfea45c385cfe785e9d36062522c51131d2f4bce0c6e39eb30de4e3eaecabadee6b6a87d7f55', 50, 1, 'Personal Access Token', '[]', 1, '2020-03-15 11:45:05', '2020-03-15 11:45:05', '2021-03-15 14:45:05'),
('5a9af812c38f3926d33789aaddc71ab2e4c33935426e7f2b620e97dccae18b4e32c0b0dbaf984691', 50, 1, 'Personal Access Token', '[]', 0, '2020-03-15 11:41:55', '2020-03-15 11:41:55', '2021-03-15 14:41:55'),
('5b408ab013335e88dab465391e10a732ea2a79e1dd2f767872d3adb7e5e9373c2560091eb915f7aa', 70, 1, 'Personal Access Token', '[]', 1, '2020-03-19 11:47:31', '2020-03-19 11:47:31', '2021-03-19 14:47:31'),
('5cdc56c1c9e6b418c45af1eb64a499673bef075ff73ce4172e0cc97ca4b2967b09b3777371a85fb3', 24, 1, 'Personal Access Token', '[]', 1, '2020-03-12 16:36:17', '2020-03-12 16:36:17', '2021-03-12 19:36:17'),
('605188e0aaf0f8fa150d991514859c47d0a2075a14e2fe94456c027459048813c42fe67597a3b433', 68, 1, 'Personal Access Token', '[]', 0, '2020-03-19 10:49:02', '2020-03-19 10:49:02', '2021-03-19 13:49:02'),
('6134b8982b2fa22436da654fb46d94b19abdfcfa4a4937647d01d519ba58d09864c7210209d9bc99', 71, 1, 'Personal Access Token', '[]', 1, '2020-04-01 14:41:14', '2020-04-01 14:41:14', '2021-04-01 17:41:14'),
('662fc2c63e08becccf1383157dbd1d2771a87a7552db2692704454d685e7fb3ff4adee49437f7e86', 49, 1, 'Personal Access Token', '[]', 0, '2020-03-13 15:48:56', '2020-03-13 15:48:56', '2021-03-13 18:48:56'),
('66c8f48b5d57a8ac57eab445193adca072f9f3a17e2a26a3267e3375f83e74c4de9d6cf81be62a8f', 53, 1, 'Personal Access Token', '[]', 1, '2020-03-15 12:24:04', '2020-03-15 12:24:04', '2021-03-15 15:24:04'),
('677ec9fd00beda75a60c8d42e009b9534a69849cb3c66f40faf06f82f863f0dbe8c69c8495eed422', 81, 1, 'Personal Access Token', '[]', 0, '2020-07-01 08:54:04', '2020-07-01 08:54:04', '2021-07-01 11:54:04'),
('6b407e17c480fd3e42ba3145ee711d93d7de05a15408eef92cc62c3b54f071e15543b79c447c7bb1', 30, 1, 'Personal Access Token', '[]', 1, '2020-03-19 10:17:10', '2020-03-19 10:17:10', '2021-03-19 13:17:10'),
('6bf9483c912e70269c883645523e43b13f2d076249aecdf502a1f516177964769ab8ab7acc527ada', 71, 1, 'Personal Access Token', '[]', 1, '2020-04-08 12:48:09', '2020-04-08 12:48:09', '2021-04-08 15:48:09'),
('6bfeb8c76104593353d6f341e8a29daf5239b07865eb06ae99b0f3ed0bc94b7df2da547ad39b0d04', 71, 1, 'Personal Access Token', '[]', 1, '2020-04-21 06:07:04', '2020-04-21 06:07:04', '2021-04-21 09:07:04'),
('6d6bd80ad9466eb8c0827397ae016ee2bcc8d9ca6264e322bf6efcc7eaee1fce1c34579fa1e2fe33', 71, 1, 'Personal Access Token', '[]', 0, '2020-06-10 07:07:02', '2020-06-10 07:07:02', '2021-06-10 10:07:02'),
('6d77d5cb48fde991dd1f6579ec58478575677256da75507a05a1170cf32ecb07f3edc8c796b176ae', 81, 1, 'Personal Access Token', '[]', 0, '2020-07-01 08:53:54', '2020-07-01 08:53:54', '2021-07-01 11:53:54'),
('6dce7e0326914f8e2845ed0d1cefc42acb55b370ae22689cdb00b89fcc828d8951a978977d91fefd', 71, 1, 'Personal Access Token', '[]', 1, '2020-04-10 10:44:04', '2020-04-10 10:44:04', '2021-04-10 13:44:04'),
('6e0dc9f7bb16b843a5e23852be4c57709b41c1ac8e81190b9eb01e7b507a4b97196d58af5b8e8ed9', 62, 1, 'Personal Access Token', '[]', 1, '2020-03-19 10:33:10', '2020-03-19 10:33:10', '2021-03-19 13:33:10'),
('730762e1a48ad2a4c7b2deca3207ec4671f82349d3c2bd3b69a0fe628b7eabf3fe50f57f505f6e3a', 79, 1, 'Personal Access Token', '[]', 0, '2020-04-20 04:09:44', '2020-04-20 04:09:44', '2021-04-20 07:09:44'),
('78a008f6fe6a728b88c072ad452e6673431db099ebd230da258eb9577143532814d81200c005b0df', 81, 1, 'Personal Access Token', '[]', 0, '2020-07-01 10:03:18', '2020-07-01 10:03:18', '2021-07-01 13:03:18'),
('7a8d6d1321cb0e3ec757831d1f99e43f2e4640de779e5378b22b52b521cafd2a57d3e4f6d2741d7d', 89, 1, 'Personal Access Token', '[]', 0, '2020-07-04 06:03:37', '2020-07-04 06:03:37', '2021-07-04 09:03:37'),
('7affa5baa2ff608819c35bbcf2b99fcd8eee4704d07640e5133729bbd4ed9696128a412ec664b946', 30, 1, 'Personal Access Token', '[]', 1, '2020-03-19 10:08:34', '2020-03-19 10:08:34', '2021-03-19 13:08:34'),
('7dea725b32be55dd3731ed5e46e2bd5fd51b4d0db06df96dec73d980d13f8ea2a6066e742c6c80d5', 40, 1, 'Personal Access Token', '[]', 0, '2020-03-13 13:32:30', '2020-03-13 13:32:30', '2021-03-13 16:32:30'),
('7e2de012760371e220ed6f8aea40ad7346e36a2963c01bf27cc6656b1162d9b8f39e0cc6b0b385df', 2, 1, 'Personal Access Token', '[]', 0, '2020-03-12 13:40:04', '2020-03-12 13:40:04', '2021-03-12 16:40:04'),
('82adf3d4211d030f380f1d78256327738b4f58fb2c4bd0d21aa40f7b157b731cb54ec8c6e5c7dc6e', 78, 1, 'Personal Access Token', '[]', 0, '2020-04-17 06:38:55', '2020-04-17 06:38:55', '2021-04-17 09:38:55'),
('8420799b0f1fecac20944146d1132e8f0c383b2bdf63886215292087ca790e5c2d582b8312b673ed', 12, 1, 'Personal Access Token', '[]', 1, '2020-03-11 18:29:49', '2020-03-11 18:29:49', '2021-03-11 21:29:49'),
('85370ca4a6428d1347b601033bd2fd050c6e3965e8e80b9f5cfef95a3d78e9e2df0784a6801f4405', 29, 1, 'Personal Access Token', '[]', 1, '2020-03-13 11:55:24', '2020-03-13 11:55:24', '2021-03-13 14:55:24'),
('85ff60c41d9871f366b81a2ec139f00165c0a9d2728c033ce862efa1fd60a901132e8f4be15c3c0c', 57, 1, 'Personal Access Token', '[]', 1, '2020-03-19 10:21:14', '2020-03-19 10:21:14', '2021-03-19 13:21:14'),
('875dfd0ada02de1545ab406cede479df3542e94b963f5336e65d6bc83c73e064b39bfa0282e53b18', 80, 1, 'Personal Access Token', '[]', 1, '2020-04-27 09:37:33', '2020-04-27 09:37:33', '2021-04-27 12:37:33'),
('8c59222967df4a2e91b1c9c38f1def4b5528c8623e79e8c8ca0055293c57e4986affcde3b9122b47', 66, 1, 'Personal Access Token', '[]', 1, '2020-03-19 10:41:19', '2020-03-19 10:41:19', '2021-03-19 13:41:19'),
('8c827eb1738e6c3a7959fe99b8a3f6f4a19233f4d94359965b14c781ca7a201442b4aeba3c42ab84', 55, 1, 'Personal Access Token', '[]', 0, '2020-03-19 09:50:44', '2020-03-19 09:50:44', '2021-03-19 12:50:44'),
('8e0851bf69ab05b0d9aa90e3d9ad4b3afc3794bd307411a79a8add1e67d0c6e9c93c7629e5cebbb1', 42, 1, 'Personal Access Token', '[]', 0, '2020-03-13 13:36:49', '2020-03-13 13:36:49', '2021-03-13 16:36:49'),
('8f088d4db268b077006fd62a47c8dccb67585f4e266f541e9880038bb6b8478b26986d26b3176fbd', 90, 1, 'Personal Access Token', '[]', 0, '2020-07-04 09:56:47', '2020-07-04 09:56:47', '2021-07-04 12:56:47'),
('918678fd0f6b7c83f5ec4b1a474a2a3f7b48eb9adea87e173a5fed65b5cc6dde630b546a7ba7ab73', 48, 1, 'Personal Access Token', '[]', 1, '2020-03-13 14:38:46', '2020-03-13 14:38:46', '2021-03-13 17:38:46'),
('922f89fb6f99d006f05cfe27779cbb2c32f80eaf87949db56335d55821fe0110f228783649407814', 68, 1, 'Personal Access Token', '[]', 1, '2020-03-19 10:47:34', '2020-03-19 10:47:34', '2021-03-19 13:47:34'),
('924b46a9a93ffe412158228ae60a5e7cee3cd52fc45d30f2be9c3e061fabcb25a542123d8e4501ad', 81, 1, 'Personal Access Token', '[]', 0, '2020-07-03 13:31:45', '2020-07-03 13:31:45', '2021-07-03 16:31:45'),
('9373a42a0f3da671f33687f678f5adba7e5557dc8f984137b8d4ba8837691236a4dd2013aa30b699', 71, 1, 'Personal Access Token', '[]', 1, '2020-04-06 10:21:10', '2020-04-06 10:21:10', '2021-04-06 13:21:10'),
('946c6e20f476ec4e62e46c273bd2dd1f7978c2bc46ecaa3fafc04b03b68e00c1e8a43f541d344dfb', 2, 1, 'Personal Access Token', '[]', 0, '2020-03-12 16:34:18', '2020-03-12 16:34:18', '2021-03-12 19:34:18'),
('976357916e337d25c2a0e3b5dcb418a6397ad388efd2396dc388af0689a2d43efd58163f13aadd82', 88, 1, 'Personal Access Token', '[]', 0, '2020-07-03 14:36:01', '2020-07-03 14:36:01', '2021-07-03 17:36:01'),
('98ebd704452eea35c50fd45b0126f9e650bbb557fb49781920f4b56d99583dddc67a29a239d06dd9', 1, 1, 'Personal Access Token', '[]', 0, '2020-02-26 08:54:59', '2020-02-26 08:54:59', '2021-02-26 11:54:59'),
('9b25d9459eaaf958226153af2109d14cd5495560e0511e2cf5c92cc67c37f0286ce8a5ff470740a4', 1, 1, 'Personal Access Token', '[]', 0, '2020-02-26 08:46:49', '2020-02-26 08:46:49', '2021-02-26 11:46:49'),
('9b3ac302e9d7907a49ae8b96f12c1fa3224c31d6374333005a52c2de3eb869c7f5f0a4b7566f1343', 81, 1, 'Personal Access Token', '[]', 0, '2020-07-03 13:47:34', '2020-07-03 13:47:34', '2021-07-03 16:47:34'),
('9b993174166f60776e08c14743429b08e8f5bdc62925210b56f157ed634de519d17413b54d6d4d48', 71, 1, 'Personal Access Token', '[]', 0, '2020-04-06 11:17:55', '2020-04-06 11:17:55', '2021-04-06 14:17:55'),
('9c7ef8407468d1993def52aedd0c8a11a60a744f90616b5aedca5dd934bef35742d998ca2943aaae', 81, 1, 'Personal Access Token', '[]', 1, '2020-06-05 17:57:13', '2020-06-05 17:57:13', '2021-06-05 20:57:13'),
('9d6f459d458188022b38258a36ae1ccc9e37b5efb073a75a67a7ab62ddd8fdf11ed636efab479cd8', 2, 1, 'Personal Access Token', '[]', 0, '2020-03-12 16:34:54', '2020-03-12 16:34:54', '2021-03-12 19:34:54'),
('9df17cc8211e4819a6df8d489b11332b44b2c1c39a3fe1ed8f5e7039773cb505cfb5eb9e6583d761', 17, 1, 'Personal Access Token', '[]', 0, '2020-03-11 19:28:16', '2020-03-11 19:28:16', '2021-03-11 22:28:16'),
('a13e7f947b68f07dfc35cb28228e43cbc0b5cf933b56016eb4ee71581c741449768e4861a34cd0aa', 9, 1, 'Personal Access Token', '[]', 0, '2020-03-11 18:19:42', '2020-03-11 18:19:42', '2021-03-11 21:19:42'),
('a1cb8adc0983a64ded01ecb8a945e32eae2fce97688039ed5cc6eac616f50d9b43cd0aaae23e6468', 86, 1, 'Personal Access Token', '[]', 0, '2020-07-01 09:01:17', '2020-07-01 09:01:17', '2021-07-01 12:01:17'),
('a21cae575b5b0ad2023fe594fd213e1f6786cc46d3a52dd65a7fd35ddc0dae99049a85ef794dc3dc', 81, 1, 'Personal Access Token', '[]', 0, '2020-07-04 08:41:21', '2020-07-04 08:41:21', '2021-07-04 11:41:21'),
('a35e70faa0225794f44d85112d00b0e83faab34492045298f340a8cb4d24c9e76759ddafdeebd13a', 14, 1, 'Personal Access Token', '[]', 0, '2020-03-11 19:15:58', '2020-03-11 19:15:58', '2021-03-11 22:15:58'),
('a3976341decfc2e271f9bf3b9e8034072b6b14aa788bf35d7553c9c42aba4877169410dd9ba13725', 6, 1, 'Personal Access Token', '[]', 0, '2020-03-11 18:06:49', '2020-03-11 18:06:49', '2021-03-11 21:06:49'),
('a827cb59322feaece665954724ba45a87bd9f8ab95c5279c08109a8bc876f2c396537d1165f92b81', 86, 1, 'Personal Access Token', '[]', 0, '2020-07-01 09:00:01', '2020-07-01 09:00:01', '2021-07-01 12:00:01'),
('a89eec5dfcb4f3651ed08890b9b7b0b6c206f8fde4779e6563bc6e2def8a27211de8ff008a3becb8', 86, 1, 'Personal Access Token', '[]', 0, '2020-07-01 09:00:02', '2020-07-01 09:00:02', '2021-07-01 12:00:02'),
('a9763e9d8e36b0096566be884c033ed8404c62fef429f8797e39591b983faa7587bff29aa5efff10', 90, 1, 'Personal Access Token', '[]', 1, '2020-07-04 09:54:41', '2020-07-04 09:54:41', '2021-07-04 12:54:41'),
('a97a966a1605f90b5a2b228e4cdf408810f7c4787c365736ad3f0982abc4bfa5cea7ef71360fe06a', 86, 1, 'Personal Access Token', '[]', 0, '2020-07-01 09:00:02', '2020-07-01 09:00:02', '2021-07-01 12:00:02'),
('ae03ffc6837530f388953b65d61c5394e194aac4d11eb90825fe7f9cc5fc13b8c95a3e1cc8453630', 80, 1, 'Personal Access Token', '[]', 1, '2020-04-27 07:50:02', '2020-04-27 07:50:02', '2021-04-27 10:50:02'),
('af65d847ad2c8bad2dd850df6668153b7cb0de79f1bebb49a93f333c0904dbb7aafebd6a6123fc52', 71, 1, 'Personal Access Token', '[]', 0, '2020-04-07 06:15:54', '2020-04-07 06:15:54', '2021-04-07 09:15:54'),
('af9d1d0ffca3f50e587a323a7f1b33e26c5f7e6e61c6d542ab5969a5df6db6d4a7a45fbd0c7a1c23', 71, 1, 'Personal Access Token', '[]', 1, '2020-04-10 10:43:40', '2020-04-10 10:43:40', '2021-04-10 13:43:40'),
('b4098e26b1f2b917d8c3d99aa32d08af07b2672ba0e4e0e416edd56cc6479c90c1c4523dc61b738e', 2, 1, 'Personal Access Token', '[]', 0, '2020-03-12 13:56:55', '2020-03-12 13:56:55', '2021-03-12 16:56:55'),
('b6107f2f1e085542e5f3953b13d0b619555816db2186cf676269d1da6e80e0c2a439c242cbe5ad8c', 81, 1, 'Personal Access Token', '[]', 1, '2020-06-06 16:56:52', '2020-06-06 16:56:52', '2021-06-06 19:56:52'),
('b842be14fd92224a0e2018a29634041544e29b2260bd8acf9e61b67abca4bfc16c94176e1973d8eb', 50, 1, 'Personal Access Token', '[]', 1, '2020-03-15 12:23:20', '2020-03-15 12:23:20', '2021-03-15 15:23:20'),
('b8567e2734a948585367d1c02e0ac47111f917173a05b14544e1364fdaf726b7602c1e55e563151d', 81, 1, 'Personal Access Token', '[]', 0, '2020-05-22 05:49:14', '2020-05-22 05:49:14', '2021-05-22 08:49:14'),
('ba477196098afbea04532306013677bece71f4a452de072ca6da56fa6d9b17a9cc8dc5ecfde57b96', 50, 1, 'Personal Access Token', '[]', 1, '2020-03-15 12:15:44', '2020-03-15 12:15:44', '2021-03-15 15:15:44'),
('ba6be88f07e80b2411001dbef1d4468a215143ad7f19f53f71837a16db9387afe899d60e8ce2efa2', 5, 1, 'Personal Access Token', '[]', 0, '2020-03-11 13:50:38', '2020-03-11 13:50:38', '2021-03-11 16:50:38'),
('bac0806f78874e8f66542d31cd5250807f37f05847812ee08f95deb03d5aa22af7dfc86787600afb', 81, 1, 'Personal Access Token', '[]', 0, '2020-07-02 09:01:43', '2020-07-02 09:01:43', '2021-07-02 12:01:43'),
('bb3b327570924048222b3afc953b54543eff9e236158ca0b17c9d3d645f0bc018dea5158e421e1ab', 61, 1, 'Personal Access Token', '[]', 1, '2020-03-19 10:28:42', '2020-03-19 10:28:42', '2021-03-19 13:28:42'),
('bc0c838714ea0355933de1c5ae2f8b2c8eafa3ca50dd10dd1c8e37a84de0830b8fa3db75316b7d8f', 10, 1, 'Personal Access Token', '[]', 0, '2020-03-11 18:25:42', '2020-03-11 18:25:42', '2021-03-11 21:25:42'),
('bcb7591bb4407aedde3d2758dced4d9945d7aa1e88f86773681e1404169dd4a2811977ab9e638f87', 58, 1, 'Personal Access Token', '[]', 1, '2020-03-19 10:19:24', '2020-03-19 10:19:24', '2021-03-19 13:19:24'),
('c1265123584731bb7bf53c019285efd62528e5742aeb480a5fb1ead627117c4f92d22f304ed87678', 81, 1, 'Personal Access Token', '[]', 0, '2020-07-04 21:15:13', '2020-07-04 21:15:13', '2021-07-05 00:15:13'),
('c27618fedd281dc544f75e456ca5d6cba66baafb2104fa9beb41ddd87a378b105e982cb89abb6511', 23, 1, 'Personal Access Token', '[]', 0, '2020-03-12 09:40:35', '2020-03-12 09:40:35', '2021-03-12 12:40:35'),
('c2e9a2a9638d65701ceccc3dd56be00e4207b9d0545160707d515e90109a889530249c225b550d57', 47, 1, 'Personal Access Token', '[]', 1, '2020-03-13 14:38:19', '2020-03-13 14:38:19', '2021-03-13 17:38:19'),
('c3a21cddf3215047e7d3c1c30dd0ba0a98e402eaad21f7785540017fc8ae1d5909218155ac86c99c', 81, 1, 'Personal Access Token', '[]', 0, '2020-07-04 21:12:13', '2020-07-04 21:12:13', '2021-07-05 00:12:13'),
('c53f531db27b67749da6100573d2c4fbee34a01cae6d42b809fd4a3da4ccb76f45299f3399ddb901', 81, 1, 'Personal Access Token', '[]', 1, '2020-06-06 16:54:56', '2020-06-06 16:54:56', '2021-06-06 19:54:56'),
('c666436833b2246c12ecf437d073fea91c6c4f8d229dadf8268456158d6c4d4676348a32e256f7a9', 2, 1, 'Personal Access Token', '[]', 1, '2020-03-12 14:05:29', '2020-03-12 14:05:29', '2021-03-12 17:05:29'),
('c79e8e710a807b67d54b6a30fa0f5fb26debaecb0312c251d00e4ae758e735232d7dc237110a7901', 15, 1, 'Personal Access Token', '[]', 0, '2020-03-11 19:20:20', '2020-03-11 19:20:20', '2021-03-11 22:20:20'),
('c931f4c20d8e5bde76caae4e21d43c645fdaeb64171943a263718f498276c6c8fa9e11cf73ea3ee9', 87, 1, 'Personal Access Token', '[]', 0, '2020-07-03 13:32:25', '2020-07-03 13:32:25', '2021-07-03 16:32:25'),
('ca2c7b94ee73993d7ef59dd6f139917693bff258b9bb5506c5338f916dbde92289c7861b7450dd92', 81, 1, 'Personal Access Token', '[]', 0, '2020-07-01 17:19:07', '2020-07-01 17:19:07', '2021-07-01 20:19:07'),
('cabd02a739c73b156826cd0ad9e5221eeaa98e9d44972e7302f3b514b4914b2e631531a051320e1b', 81, 1, 'Personal Access Token', '[]', 0, '2020-07-02 09:33:57', '2020-07-02 09:33:57', '2021-07-02 12:33:57'),
('cc826d75de49f7ed8b0137874774631896c4d512d8026c7347be2b0c0264a168dbf7e973ce15df7e', 4, 1, 'Personal Access Token', '[]', 0, '2020-03-11 13:46:54', '2020-03-11 13:46:54', '2021-03-11 16:46:54'),
('cd9628cd190ae4cb585756f3eaab037b6e9d4f86e01082280b0bfd2768239fa830eb3dd913cb5f2a', 87, 1, 'Personal Access Token', '[]', 0, '2020-07-03 13:34:04', '2020-07-03 13:34:04', '2021-07-03 16:34:04'),
('cf75a3aa31a417448d728bac3186277bbe546752aef6a051afae2188bba279293611128e331fee08', 81, 1, 'Personal Access Token', '[]', 0, '2020-07-04 09:46:48', '2020-07-04 09:46:48', '2021-07-04 12:46:48'),
('d0d7302924622b0b5e8aec18b2457021a56940029a04fb09a7a8505650cca0fe3c35adaab9a61a78', 80, 1, 'Personal Access Token', '[]', 1, '2020-04-27 07:52:19', '2020-04-27 07:52:19', '2021-04-27 10:52:19'),
('d11c1814b8f2a88a9cb8ce1a14fa0767b2be79d93ef8aa0af4122c0b1e2f5ccfe52ff4ecbde8eacb', 89, 1, 'Personal Access Token', '[]', 0, '2020-07-04 06:03:38', '2020-07-04 06:03:38', '2021-07-04 09:03:38'),
('d13ad562b7a78a3e41af5367da12b751399b20ce46f9675ad238da6b507af81ed29ddf83540956d0', 71, 1, 'Personal Access Token', '[]', 1, '2020-04-02 07:34:56', '2020-04-02 07:34:56', '2021-04-02 10:34:56'),
('d300c1797ed30c97adeeb8446a20d8a040eb2f358669d38f56b850fa105c0bc4529581c30902e584', 22, 1, 'Personal Access Token', '[]', 1, '2020-03-12 08:55:17', '2020-03-12 08:55:17', '2021-03-12 11:55:17'),
('d3eea40bd2aea12670b54be556c7b397dae3869f27809470931d240765ec19ef0632a8325f7be619', 88, 1, 'Personal Access Token', '[]', 0, '2020-07-03 14:34:10', '2020-07-03 14:34:10', '2021-07-03 17:34:10'),
('d63b442d9c96e3aa7e7ae050ba1df4ba0dcb494126cf6f49d40d8a750c1f31a336924681e7331812', 90, 1, 'Personal Access Token', '[]', 0, '2020-07-04 09:54:42', '2020-07-04 09:54:42', '2021-07-04 12:54:42'),
('d6492654b4c3da42d8fa67a7e43689f24a2f0406c64bc9bc31b7e1e08dd22e45313e5565b40e1b14', 2, 1, 'Personal Access Token', '[]', 0, '2020-03-12 13:58:41', '2020-03-12 13:58:41', '2021-03-12 16:58:41'),
('d6b1693a9dc6444ea3b79da994a3bf99937b06eee4f81ba15ee79bdaccef656420a00231ccdf3691', 71, 1, 'Personal Access Token', '[]', 0, '2020-04-06 10:48:27', '2020-04-06 10:48:27', '2021-04-06 13:48:27'),
('d7daaed204a639501209322a6668db2f971ee36fa080cbbb2041ceaba8cfcb57b3c363e9f0228454', 3, 1, 'Personal Access Token', '[]', 0, '2020-03-11 13:45:19', '2020-03-11 13:45:19', '2021-03-11 16:45:19'),
('d7f47c5bb00c6cffc9dec9813364a14e03620fd3071e657eae307e9dcf2e88ebb418c4ac429f6f70', 81, 1, 'Personal Access Token', '[]', 0, '2020-06-26 10:12:49', '2020-06-26 10:12:49', '2021-06-26 13:12:49'),
('d82ffba3bd8fa11a4f950d81dcac984b7fbeda4a2adcfd8c43ec77d310de851fe6b5119eedfb500f', 35, 1, 'Personal Access Token', '[]', 1, '2020-03-13 12:39:39', '2020-03-13 12:39:39', '2021-03-13 15:39:39'),
('d86ea634d26a9617ee2e077e2b62708528c47173b185b77ebe49207d506a191b84f147bbee2d5664', 56, 1, 'Personal Access Token', '[]', 0, '2020-03-19 10:03:10', '2020-03-19 10:03:10', '2021-03-19 13:03:10'),
('da2afb3df8f872aa60787837feee3e921303f17961b0154686f5b43b5c42886069a66110e72382b3', 42, 1, 'Personal Access Token', '[]', 0, '2020-03-13 13:35:28', '2020-03-13 13:35:28', '2021-03-13 16:35:28'),
('dac4bb239ecc2adbd5495a258e9a15c8c6508f459f1cdeb80145eb2bb3b414658f0394fe5c90a147', 64, 1, 'Personal Access Token', '[]', 0, '2020-03-19 10:39:01', '2020-03-19 10:39:01', '2021-03-19 13:39:01'),
('dafacdb7f4eaaa9e1dbd21fc38a46274b373371c439dc825d4bcae66c8cd3d2883d8553816049049', 81, 1, 'Personal Access Token', '[]', 0, '2020-06-26 10:12:32', '2020-06-26 10:12:32', '2021-06-26 13:12:32'),
('db5c14f4b54ac937d5a66d393c38f8c2625eff91b33a3a87c7c068620aa482c30bd6471df36a7bf5', 80, 1, 'Personal Access Token', '[]', 1, '2020-04-27 11:19:30', '2020-04-27 11:19:30', '2021-04-27 14:19:30'),
('dc27e96b5fc951fcf94128b100e5badcb5a7c3e59eaec052e7d86f26035f769fbbcd5edee1d51c07', 80, 1, 'Personal Access Token', '[]', 1, '2020-04-27 07:44:53', '2020-04-27 07:44:53', '2021-04-27 10:44:53'),
('dc2957e09dfe9f866713f65aec20fdf178dfd5c80763bd4d4db84d5fc2242980b6fde31095caddd3', 71, 1, 'Personal Access Token', '[]', 0, '2020-06-10 07:05:52', '2020-06-10 07:05:52', '2021-06-10 10:05:52'),
('dfceebc1b99d8133210723d9a929455ae5b57874c6a0dedb436c8cc8475c9b7afa8935b438abd5dc', 26, 1, 'Personal Access Token', '[]', 0, '2020-03-12 16:44:38', '2020-03-12 16:44:38', '2021-03-12 19:44:38'),
('e0a8ed8de2cdc1418a115021391c85c6074e604c084a4b704a28ca679a00395a7c3b02fb1a856ec6', 18, 1, 'Personal Access Token', '[]', 0, '2020-03-11 19:29:06', '2020-03-11 19:29:06', '2021-03-11 22:29:06'),
('e132387aa23df1379fcbfbd7dc0a428802ca97472b9596c725ad7286b77be32d2e2ea9c2b406fb3a', 81, 1, 'Personal Access Token', '[]', 0, '2020-07-05 07:36:13', '2020-07-05 07:36:13', '2021-07-05 10:36:13'),
('e292fabc9dcf8782d1dacb626b0214e68311be807bf8c8fb899efe45b9e7d9f5cf94f445ff36d566', 1, 1, 'Personal Access Token', '[]', 0, '2020-02-26 08:55:37', '2020-02-26 08:55:37', '2021-02-26 11:55:37'),
('e2b2925dc7b0c2c7b596fc0ca4a7d3a5ad5c068df2f032b0453339f5043525ee12b5ddc67ab8d9e4', 81, 1, 'Personal Access Token', '[]', 0, '2020-07-01 10:02:47', '2020-07-01 10:02:47', '2021-07-01 13:02:47'),
('e2bec41e843eeeca11836e8a6587e5f0e30d073057e6c9df53bf5967378d417149c4df28c65b1c44', 81, 1, 'Personal Access Token', '[]', 0, '2020-06-05 17:57:11', '2020-06-05 17:57:11', '2021-06-05 20:57:11'),
('e2cef120d9e7daf58d9ec1c40abc7616d1a934e182f001ec4fe7f7977f4e7aef17458365b97b0c1d', 54, 1, 'Personal Access Token', '[]', 0, '2020-03-19 09:42:40', '2020-03-19 09:42:40', '2021-03-19 12:42:40'),
('e38b3991c5e45f11fe42b37126d175ddb2d4e68476e75418e681c56f3465fba5db607fc03c6e70b4', 30, 1, 'Personal Access Token', '[]', 0, '2020-03-13 12:20:06', '2020-03-13 12:20:06', '2021-03-13 15:20:06'),
('e550bc2e89052423526ce686a00db106482f08f178bd6ebc555defbf3e21dd7905db36852c2a4a37', 65, 1, 'Personal Access Token', '[]', 0, '2020-03-19 10:39:08', '2020-03-19 10:39:08', '2021-03-19 13:39:08'),
('e60b2a62f3e082bc24bad868ca7a82df39c732d75ce788286fc4f6df6054aeea007be42668806589', 80, 1, 'Personal Access Token', '[]', 0, '2020-04-27 11:05:06', '2020-04-27 11:05:06', '2021-04-27 14:05:06'),
('e60cc2f6cd48e8334f79f7e29cb9007940ddeeb38272c4f528c91b4f2f0bad6078c46b6a06ab32fe', 81, 1, 'Personal Access Token', '[]', 0, '2020-07-03 14:33:14', '2020-07-03 14:33:14', '2021-07-03 17:33:14'),
('e76b73ba522c07a2d1a82d740f3f030d5d3a7f800b0104c2daf6444a2e12c64edc0ea5a1fbaf6d2d', 90, 1, 'Personal Access Token', '[]', 0, '2020-07-04 09:54:42', '2020-07-04 09:54:42', '2021-07-04 12:54:42'),
('e9d05f72a74baf09bc33774b8b0b6abb3eaf27d9f8353af088752b3ab046c5a323bc30b7db233448', 80, 1, 'Personal Access Token', '[]', 0, '2020-04-27 09:37:32', '2020-04-27 09:37:32', '2021-04-27 12:37:32'),
('ea935525db7cca78ccb1bd43d0816c7fc56f2bcfb9cd76917471fe373b539699df21badee7933a07', 1, 1, 'Personal Access Token', '[]', 0, '2020-03-11 07:06:53', '2020-03-11 07:06:53', '2021-03-11 10:06:53'),
('ec7ae8a25186ee1fbde0d6bf51e62720f03519125c49b34f85efc32f13d470032c26f0a337c4e63b', 87, 1, 'Personal Access Token', '[]', 0, '2020-07-03 13:32:25', '2020-07-03 13:32:25', '2021-07-03 16:32:25'),
('ece7c220beb76047af6b75659dfe22d299877550ddea7463065a7228f1e50c795aaca205cd8c3868', 1, 1, 'Personal Access Token', '[]', 0, '2020-03-11 06:51:43', '2020-03-11 06:51:43', '2021-03-11 09:51:43'),
('efae736bc21941d8440458c1f967c08908a81bdeba19dcf5d6e330cb7d59c2b7e939d72db6f372d4', 71, 1, 'Personal Access Token', '[]', 0, '2020-05-09 05:06:41', '2020-05-09 05:06:41', '2021-05-09 08:06:41'),
('f40f5e89b63cb026b2f7359dfc878cee8ab21d91146bce5aea0e50fd60de5b024f3f4c78287ba515', 41, 1, 'Personal Access Token', '[]', 0, '2020-03-13 13:33:50', '2020-03-13 13:33:50', '2021-03-13 16:33:50'),
('f4be8fb09e4fca68268fecbadd80270d29b5e9ed9597db8e6f554233daebae12d5c10fd657ae587b', 31, 1, 'Personal Access Token', '[]', 0, '2020-03-13 12:20:46', '2020-03-13 12:20:46', '2021-03-13 15:20:46'),
('f607c6240494173b3c540cb9c406ab00a30a3ab356e272c2f3cf3dd8e0a28ef9319929d27c479553', 85, 1, 'Personal Access Token', '[]', 0, '2020-06-03 04:47:41', '2020-06-03 04:47:41', '2021-06-03 07:47:41'),
('f76a89cdee089d103b3f6670eaedd0599ed20e9d54c14b195288f4945b8ab27473828df2c35e81b9', 8, 1, 'Personal Access Token', '[]', 0, '2020-03-11 18:14:06', '2020-03-11 18:14:06', '2021-03-11 21:14:06'),
('f78903b6bb73fc9dcfbba414096da7b943af4bac83affd80b8d7d09288dd29e13fc636ce95092f34', 70, 1, 'Personal Access Token', '[]', 0, '2020-03-19 12:23:51', '2020-03-19 12:23:51', '2021-03-19 15:23:51'),
('f830b67fa53c8edcc8b55fc354ffaeb04dc30b68338d99fcc4b5cd74804d8267596fa1aa88dbcf92', 11, 1, 'Personal Access Token', '[]', 0, '2020-03-11 18:29:20', '2020-03-11 18:29:20', '2021-03-11 21:29:20'),
('f8d30dea9915f2628ec58591304d627ac84da45dd9f923da2975e472b444623c89bb28aa52955240', 32, 1, 'Personal Access Token', '[]', 0, '2020-03-13 12:25:38', '2020-03-13 12:25:38', '2021-03-13 15:25:38'),
('fb2ef4b8d98ca15d783a560de1157709bf2f3f506b301345618c41785f8d99e95e34193216d4b191', 13, 1, 'Personal Access Token', '[]', 0, '2020-03-11 19:01:55', '2020-03-11 19:01:55', '2021-03-11 22:01:55'),
('fc6f8042befc08441fb42e23de48abc7ed3bdaab497e4072d3598399b3c57fab5be87b5ff6908be0', 71, 1, 'Personal Access Token', '[]', 0, '2020-04-21 06:11:00', '2020-04-21 06:11:00', '2021-04-21 09:11:00'),
('fdb4ef0cedaa532b87f375e784057fd58b215c70705c8588f137d648698991de6c7eed9682cf3cb7', 81, 1, 'Personal Access Token', '[]', 0, '2020-07-05 12:54:02', '2020-07-05 12:54:02', '2021-07-05 15:54:02'),
('ff342a968e4266d01578a1c519406cbb238d6ab92d6218f5a2e7e809c66942f55111432c9efebde8', 81, 1, 'Personal Access Token', '[]', 0, '2020-07-06 03:02:14', '2020-07-06 03:02:14', '2021-07-06 06:02:14');

-- --------------------------------------------------------

--
-- Структура таблицы `oauth_auth_codes`
--

CREATE TABLE `oauth_auth_codes` (
  `id` varchar(100) COLLATE utf8mb4_unicode_ci NOT NULL,
  `user_id` bigint(20) UNSIGNED NOT NULL,
  `client_id` bigint(20) UNSIGNED NOT NULL,
  `scopes` text COLLATE utf8mb4_unicode_ci,
  `revoked` tinyint(1) NOT NULL,
  `expires_at` datetime DEFAULT NULL
) ENGINE=InnoDB DEFAULT CHARSET=utf8mb4 COLLATE=utf8mb4_unicode_ci;

-- --------------------------------------------------------

--
-- Структура таблицы `oauth_clients`
--

CREATE TABLE `oauth_clients` (
  `id` bigint(20) UNSIGNED NOT NULL,
  `user_id` bigint(20) UNSIGNED DEFAULT NULL,
  `name` varchar(255) COLLATE utf8mb4_unicode_ci NOT NULL,
  `secret` varchar(100) COLLATE utf8mb4_unicode_ci DEFAULT NULL,
  `redirect` text COLLATE utf8mb4_unicode_ci NOT NULL,
  `personal_access_client` tinyint(1) NOT NULL,
  `password_client` tinyint(1) NOT NULL,
  `revoked` tinyint(1) NOT NULL,
  `created_at` timestamp NULL DEFAULT NULL,
  `updated_at` timestamp NULL DEFAULT NULL
) ENGINE=InnoDB DEFAULT CHARSET=utf8mb4 COLLATE=utf8mb4_unicode_ci;

--
-- Дамп данных таблицы `oauth_clients`
--

INSERT INTO `oauth_clients` (`id`, `user_id`, `name`, `secret`, `redirect`, `personal_access_client`, `password_client`, `revoked`, `created_at`, `updated_at`) VALUES
(1, NULL, 'Laravel Personal Access Client', '7xo38dihxW3lrDcXjdhLeEMt4bj86cFQnMEwo6QU', 'http://localhost', 1, 0, 0, '2020-02-26 08:46:43', '2020-02-26 08:46:43'),
(2, NULL, 'Laravel Password Grant Client', 'tDRt0n09DCjS2uJUQ0eSCi6Gaa09nt88d18D5tnZ', 'http://localhost', 0, 1, 0, '2020-02-26 08:46:43', '2020-02-26 08:46:43');

-- --------------------------------------------------------

--
-- Структура таблицы `oauth_personal_access_clients`
--

CREATE TABLE `oauth_personal_access_clients` (
  `id` bigint(20) UNSIGNED NOT NULL,
  `client_id` bigint(20) UNSIGNED NOT NULL,
  `created_at` timestamp NULL DEFAULT NULL,
  `updated_at` timestamp NULL DEFAULT NULL
) ENGINE=InnoDB DEFAULT CHARSET=utf8mb4 COLLATE=utf8mb4_unicode_ci;

--
-- Дамп данных таблицы `oauth_personal_access_clients`
--

INSERT INTO `oauth_personal_access_clients` (`id`, `client_id`, `created_at`, `updated_at`) VALUES
(1, 1, '2020-02-26 08:46:43', '2020-02-26 08:46:43');

-- --------------------------------------------------------

--
-- Структура таблицы `oauth_refresh_tokens`
--

CREATE TABLE `oauth_refresh_tokens` (
  `id` varchar(100) COLLATE utf8mb4_unicode_ci NOT NULL,
  `access_token_id` varchar(100) COLLATE utf8mb4_unicode_ci NOT NULL,
  `revoked` tinyint(1) NOT NULL,
  `expires_at` datetime DEFAULT NULL
) ENGINE=InnoDB DEFAULT CHARSET=utf8mb4 COLLATE=utf8mb4_unicode_ci;

-- --------------------------------------------------------

--
-- Структура таблицы `password_resets`
--

CREATE TABLE `password_resets` (
  `email` varchar(255) COLLATE utf8mb4_unicode_ci NOT NULL,
  `token` varchar(255) COLLATE utf8mb4_unicode_ci NOT NULL,
  `created_at` timestamp NULL DEFAULT NULL
) ENGINE=InnoDB DEFAULT CHARSET=utf8mb4 COLLATE=utf8mb4_unicode_ci;

-- --------------------------------------------------------

--
-- Структура таблицы `payments`
--

CREATE TABLE `payments` (
  `id` bigint(20) UNSIGNED NOT NULL,
  `phone` varchar(191) COLLATE utf8mb4_unicode_ci DEFAULT NULL,
  `order_id` varchar(191) COLLATE utf8mb4_unicode_ci DEFAULT NULL,
  `title` varchar(191) COLLATE utf8mb4_unicode_ci DEFAULT NULL,
  `amount` varchar(191) COLLATE utf8mb4_unicode_ci DEFAULT NULL,
  `status` varchar(191) COLLATE utf8mb4_unicode_ci DEFAULT NULL,
  `raw` text COLLATE utf8mb4_unicode_ci,
  `created_at` timestamp NULL DEFAULT NULL,
  `updated_at` timestamp NULL DEFAULT NULL
) ENGINE=InnoDB DEFAULT CHARSET=utf8mb4 COLLATE=utf8mb4_unicode_ci;

--
-- Дамп данных таблицы `payments`
--

INSERT INTO `payments` (`id`, `phone`, `order_id`, `title`, `amount`, `status`, `raw`, `created_at`, `updated_at`) VALUES
(2, '89101490463', '413086646', 'Пример оплаты (деньги сниматься не будут)', '1.00', 'Completed', '{\"TransactionId\":\"413086646\",\"Amount\":\"1.00\",\"Currency\":\"RUB\",\"PaymentAmount\":\"1.00\",\"PaymentCurrency\":\"RUB\",\"OperationType\":\"Payment\",\"InvoiceId\":null,\"AccountId\":\"89101490463\",\"SubscriptionId\":null,\"Name\":null,\"Email\":null,\"DateTime\":\"2020-06-27 17:39:55\",\"IpAddress\":\"93.120.132.146\",\"IpCountry\":\"RU\",\"IpCity\":\"\\u041d\\u0438\\u0436\\u043d\\u0438\\u0439 \\u041d\\u043e\\u0432\\u0433\\u043e\\u0440\\u043e\\u0434\",\"IpRegion\":\"\\u041d\\u0438\\u0436\\u0435\\u0433\\u043e\\u0440\\u043e\\u0434\\u0441\\u043a\\u0430\\u044f \\u043e\\u0431\\u043b\\u0430\\u0441\\u0442\\u044c\",\"IpDistrict\":\"\\u041f\\u0440\\u0438\\u0432\\u043e\\u043b\\u0436\\u0441\\u043a\\u0438\\u0439 \\u0444\\u0435\\u0434\\u0435\\u0440\\u0430\\u043b\\u044c\\u043d\\u044b\\u0439 \\u043e\\u043a\\u0440\\u0443\\u0433\",\"IpLatitude\":\"56.329918\",\"IpLongitude\":\"44.009193\",\"CardFirstSix\":\"427642\",\"CardLastFour\":\"6909\",\"CardType\":\"Visa\",\"CardExpDate\":\"01\\/22\",\"Issuer\":\"SBERBANK of Russia\",\"IssuerBankCountry\":\"RU\",\"Description\":\"\\u041f\\u0440\\u0438\\u043c\\u0435\\u0440 \\u043e\\u043f\\u043b\\u0430\\u0442\\u044b (\\u0434\\u0435\\u043d\\u044c\\u0433\\u0438 \\u0441\\u043d\\u0438\\u043c\\u0430\\u0442\\u044c\\u0441\\u044f \\u043d\\u0435 \\u0431\\u0443\\u0434\\u0443\\u0442)\",\"AuthCode\":\"A1B2C3\",\"Token\":\"47B25290022FFB2BD4088AE5B3D9B77C8BB8CCD41467BAD1F4DB5B2E66B29DF6\",\"TestMode\":\"1\",\"Status\":\"Completed\",\"GatewayName\":\"Test\",\"Data\":\"{\\\"myProp\\\":\\\"myProp value\\\"}\",\"TotalFee\":\"0.00\",\"CardProduct\":\"F\",\"PaymentMethod\":null}', '2020-06-27 14:39:58', '2020-06-27 14:39:58'),
(3, '380662195237', '416411874', 'Пример оплаты (деньги сниматься не будут)', '349.00', 'Completed', '{\"TransactionId\":\"416411874\",\"Amount\":\"349.00\",\"Currency\":\"RUB\",\"PaymentAmount\":\"349.00\",\"PaymentCurrency\":\"RUB\",\"OperationType\":\"Payment\",\"InvoiceId\":null,\"AccountId\":\"380662195237\",\"SubscriptionId\":null,\"Name\":null,\"Email\":null,\"DateTime\":\"2020-07-01 12:01:07\",\"IpAddress\":\"31.135.135.197\",\"IpCountry\":\"UA\",\"IpCity\":\"\\u0421\\u0443\\u043c\\u044b\",\"IpRegion\":\"\\u0421\\u0443\\u043c\\u0441\\u043a\\u0430\\u044f \\u043e\\u0431\\u043b\\u0430\\u0441\\u0442\\u044c\",\"IpDistrict\":\"\\u0426\\u0435\\u043d\\u0442\\u0440\\u0430\\u043b\\u044c\\u043d\\u0430\\u044f \\u0423\\u043a\\u0440\\u0430\\u0438\\u043d\\u0430\",\"IpLatitude\":\"50.894405\",\"IpLongitude\":\"34.8106\",\"CardFirstSix\":\"427642\",\"CardLastFour\":\"6909\",\"CardType\":\"Visa\",\"CardExpDate\":\"11\\/22\",\"Issuer\":\"SBERBANK of Russia\",\"IssuerBankCountry\":\"RU\",\"Description\":\"\\u041f\\u0440\\u0438\\u043c\\u0435\\u0440 \\u043e\\u043f\\u043b\\u0430\\u0442\\u044b (\\u0434\\u0435\\u043d\\u044c\\u0433\\u0438 \\u0441\\u043d\\u0438\\u043c\\u0430\\u0442\\u044c\\u0441\\u044f \\u043d\\u0435 \\u0431\\u0443\\u0434\\u0443\\u0442)\",\"AuthCode\":\"A1B2C3\",\"Token\":\"47B25290022FFB2BD4088AE5B3D9B77C8BB8CCD41467BAD1F4DB5B2E66B29DF6\",\"TestMode\":\"1\",\"Status\":\"Completed\",\"GatewayName\":\"Test\",\"Data\":\"{\\\"myProp\\\":\\\"myProp value\\\"}\",\"TotalFee\":\"0.00\",\"CardProduct\":\"F\",\"PaymentMethod\":null}', '2020-07-01 09:01:08', '2020-07-01 09:01:08'),
(4, '89108701943', '418348796', 'Пример оплаты (деньги сниматься не будут)', '349.00', 'Completed', '{\"TransactionId\":\"418348796\",\"Amount\":\"349.00\",\"Currency\":\"RUB\",\"PaymentAmount\":\"349.00\",\"PaymentCurrency\":\"RUB\",\"OperationType\":\"Payment\",\"InvoiceId\":null,\"AccountId\":\"89108701943\",\"SubscriptionId\":null,\"Name\":null,\"Email\":null,\"DateTime\":\"2020-07-03 16:33:49\",\"IpAddress\":\"93.120.132.146\",\"IpCountry\":\"RU\",\"IpCity\":\"\\u041d\\u0438\\u0436\\u043d\\u0438\\u0439 \\u041d\\u043e\\u0432\\u0433\\u043e\\u0440\\u043e\\u0434\",\"IpRegion\":\"\\u041d\\u0438\\u0436\\u0435\\u0433\\u043e\\u0440\\u043e\\u0434\\u0441\\u043a\\u0430\\u044f \\u043e\\u0431\\u043b\\u0430\\u0441\\u0442\\u044c\",\"IpDistrict\":\"\\u041f\\u0440\\u0438\\u0432\\u043e\\u043b\\u0436\\u0441\\u043a\\u0438\\u0439 \\u0444\\u0435\\u0434\\u0435\\u0440\\u0430\\u043b\\u044c\\u043d\\u044b\\u0439 \\u043e\\u043a\\u0440\\u0443\\u0433\",\"IpLatitude\":\"56.329918\",\"IpLongitude\":\"44.009193\",\"CardFirstSix\":\"427642\",\"CardLastFour\":\"6909\",\"CardType\":\"Visa\",\"CardExpDate\":\"01\\/22\",\"Issuer\":\"SBERBANK of Russia\",\"IssuerBankCountry\":\"RU\",\"Description\":\"\\u041f\\u0440\\u0438\\u043c\\u0435\\u0440 \\u043e\\u043f\\u043b\\u0430\\u0442\\u044b (\\u0434\\u0435\\u043d\\u044c\\u0433\\u0438 \\u0441\\u043d\\u0438\\u043c\\u0430\\u0442\\u044c\\u0441\\u044f \\u043d\\u0435 \\u0431\\u0443\\u0434\\u0443\\u0442)\",\"AuthCode\":\"255615\",\"Token\":\"649898882\",\"TestMode\":\"0\",\"Status\":\"Completed\",\"GatewayName\":\"Tinkoff\",\"Data\":\"{\\\"myProp\\\":\\\"myProp value\\\"}\",\"TotalFee\":\"13.61\",\"CardProduct\":\"F\",\"PaymentMethod\":null}', '2020-07-03 13:33:50', '2020-07-03 13:33:50'),
(5, '89108701943', '418348796', 'Пример оплаты (деньги сниматься не будут)', '349.00', 'Completed', '{\"TransactionId\":\"418348796\",\"Amount\":\"349.00\",\"Currency\":\"RUB\",\"PaymentAmount\":\"349.00\",\"PaymentCurrency\":\"RUB\",\"OperationType\":\"Payment\",\"InvoiceId\":null,\"AccountId\":\"89108701943\",\"SubscriptionId\":null,\"Name\":null,\"Email\":null,\"DateTime\":\"2020-07-03 16:33:49\",\"IpAddress\":\"93.120.132.146\",\"IpCountry\":\"RU\",\"IpCity\":\"\\u041d\\u0438\\u0436\\u043d\\u0438\\u0439 \\u041d\\u043e\\u0432\\u0433\\u043e\\u0440\\u043e\\u0434\",\"IpRegion\":\"\\u041d\\u0438\\u0436\\u0435\\u0433\\u043e\\u0440\\u043e\\u0434\\u0441\\u043a\\u0430\\u044f \\u043e\\u0431\\u043b\\u0430\\u0441\\u0442\\u044c\",\"IpDistrict\":\"\\u041f\\u0440\\u0438\\u0432\\u043e\\u043b\\u0436\\u0441\\u043a\\u0438\\u0439 \\u0444\\u0435\\u0434\\u0435\\u0440\\u0430\\u043b\\u044c\\u043d\\u044b\\u0439 \\u043e\\u043a\\u0440\\u0443\\u0433\",\"IpLatitude\":\"56.329918\",\"IpLongitude\":\"44.009193\",\"CardFirstSix\":\"427642\",\"CardLastFour\":\"6909\",\"CardType\":\"Visa\",\"CardExpDate\":\"01\\/22\",\"Issuer\":\"SBERBANK of Russia\",\"IssuerBankCountry\":\"RU\",\"Description\":\"\\u041f\\u0440\\u0438\\u043c\\u0435\\u0440 \\u043e\\u043f\\u043b\\u0430\\u0442\\u044b (\\u0434\\u0435\\u043d\\u044c\\u0433\\u0438 \\u0441\\u043d\\u0438\\u043c\\u0430\\u0442\\u044c\\u0441\\u044f \\u043d\\u0435 \\u0431\\u0443\\u0434\\u0443\\u0442)\",\"AuthCode\":\"255615\",\"Token\":\"649898882\",\"TestMode\":\"0\",\"Status\":\"Completed\",\"GatewayName\":\"Tinkoff\",\"Data\":\"{\\\"myProp\\\":\\\"myProp value\\\"}\",\"TotalFee\":\"13.61\",\"CardProduct\":\"F\",\"PaymentMethod\":null}', '2020-07-03 13:33:54', '2020-07-03 13:33:54'),
(6, '89108701943', '418348796', 'Пример оплаты (деньги сниматься не будут)', '349.00', 'Completed', '{\"TransactionId\":\"418348796\",\"Amount\":\"349.00\",\"Currency\":\"RUB\",\"PaymentAmount\":\"349.00\",\"PaymentCurrency\":\"RUB\",\"OperationType\":\"Payment\",\"InvoiceId\":null,\"AccountId\":\"89108701943\",\"SubscriptionId\":null,\"Name\":null,\"Email\":null,\"DateTime\":\"2020-07-03 16:33:49\",\"IpAddress\":\"93.120.132.146\",\"IpCountry\":\"RU\",\"IpCity\":\"\\u041d\\u0438\\u0436\\u043d\\u0438\\u0439 \\u041d\\u043e\\u0432\\u0433\\u043e\\u0440\\u043e\\u0434\",\"IpRegion\":\"\\u041d\\u0438\\u0436\\u0435\\u0433\\u043e\\u0440\\u043e\\u0434\\u0441\\u043a\\u0430\\u044f \\u043e\\u0431\\u043b\\u0430\\u0441\\u0442\\u044c\",\"IpDistrict\":\"\\u041f\\u0440\\u0438\\u0432\\u043e\\u043b\\u0436\\u0441\\u043a\\u0438\\u0439 \\u0444\\u0435\\u0434\\u0435\\u0440\\u0430\\u043b\\u044c\\u043d\\u044b\\u0439 \\u043e\\u043a\\u0440\\u0443\\u0433\",\"IpLatitude\":\"56.329918\",\"IpLongitude\":\"44.009193\",\"CardFirstSix\":\"427642\",\"CardLastFour\":\"6909\",\"CardType\":\"Visa\",\"CardExpDate\":\"01\\/22\",\"Issuer\":\"SBERBANK of Russia\",\"IssuerBankCountry\":\"RU\",\"Description\":\"\\u041f\\u0440\\u0438\\u043c\\u0435\\u0440 \\u043e\\u043f\\u043b\\u0430\\u0442\\u044b (\\u0434\\u0435\\u043d\\u044c\\u0433\\u0438 \\u0441\\u043d\\u0438\\u043c\\u0430\\u0442\\u044c\\u0441\\u044f \\u043d\\u0435 \\u0431\\u0443\\u0434\\u0443\\u0442)\",\"AuthCode\":\"255615\",\"Token\":\"649898882\",\"TestMode\":\"0\",\"Status\":\"Completed\",\"GatewayName\":\"Tinkoff\",\"Data\":\"{\\\"myProp\\\":\\\"myProp value\\\"}\",\"TotalFee\":\"13.61\",\"CardProduct\":\"F\",\"PaymentMethod\":null}', '2020-07-03 13:34:54', '2020-07-03 13:34:54'),
(7, '89108701943', '418348796', 'Пример оплаты (деньги сниматься не будут)', '349.00', 'Completed', '{\"TransactionId\":\"418348796\",\"Amount\":\"349.00\",\"Currency\":\"RUB\",\"PaymentAmount\":\"349.00\",\"PaymentCurrency\":\"RUB\",\"OperationType\":\"Payment\",\"InvoiceId\":null,\"AccountId\":\"89108701943\",\"SubscriptionId\":null,\"Name\":null,\"Email\":null,\"DateTime\":\"2020-07-03 16:33:49\",\"IpAddress\":\"93.120.132.146\",\"IpCountry\":\"RU\",\"IpCity\":\"\\u041d\\u0438\\u0436\\u043d\\u0438\\u0439 \\u041d\\u043e\\u0432\\u0433\\u043e\\u0440\\u043e\\u0434\",\"IpRegion\":\"\\u041d\\u0438\\u0436\\u0435\\u0433\\u043e\\u0440\\u043e\\u0434\\u0441\\u043a\\u0430\\u044f \\u043e\\u0431\\u043b\\u0430\\u0441\\u0442\\u044c\",\"IpDistrict\":\"\\u041f\\u0440\\u0438\\u0432\\u043e\\u043b\\u0436\\u0441\\u043a\\u0438\\u0439 \\u0444\\u0435\\u0434\\u0435\\u0440\\u0430\\u043b\\u044c\\u043d\\u044b\\u0439 \\u043e\\u043a\\u0440\\u0443\\u0433\",\"IpLatitude\":\"56.329918\",\"IpLongitude\":\"44.009193\",\"CardFirstSix\":\"427642\",\"CardLastFour\":\"6909\",\"CardType\":\"Visa\",\"CardExpDate\":\"01\\/22\",\"Issuer\":\"SBERBANK of Russia\",\"IssuerBankCountry\":\"RU\",\"Description\":\"\\u041f\\u0440\\u0438\\u043c\\u0435\\u0440 \\u043e\\u043f\\u043b\\u0430\\u0442\\u044b (\\u0434\\u0435\\u043d\\u044c\\u0433\\u0438 \\u0441\\u043d\\u0438\\u043c\\u0430\\u0442\\u044c\\u0441\\u044f \\u043d\\u0435 \\u0431\\u0443\\u0434\\u0443\\u0442)\",\"AuthCode\":\"255615\",\"Token\":\"649898882\",\"TestMode\":\"0\",\"Status\":\"Completed\",\"GatewayName\":\"Tinkoff\",\"Data\":\"{\\\"myProp\\\":\\\"myProp value\\\"}\",\"TotalFee\":\"13.61\",\"CardProduct\":\"F\",\"PaymentMethod\":null}', '2020-07-03 13:35:54', '2020-07-03 13:35:54'),
(8, '89108701943', '418348796', 'Пример оплаты (деньги сниматься не будут)', '349.00', 'Completed', '{\"TransactionId\":\"418348796\",\"Amount\":\"349.00\",\"Currency\":\"RUB\",\"PaymentAmount\":\"349.00\",\"PaymentCurrency\":\"RUB\",\"OperationType\":\"Payment\",\"InvoiceId\":null,\"AccountId\":\"89108701943\",\"SubscriptionId\":null,\"Name\":null,\"Email\":null,\"DateTime\":\"2020-07-03 16:33:49\",\"IpAddress\":\"93.120.132.146\",\"IpCountry\":\"RU\",\"IpCity\":\"\\u041d\\u0438\\u0436\\u043d\\u0438\\u0439 \\u041d\\u043e\\u0432\\u0433\\u043e\\u0440\\u043e\\u0434\",\"IpRegion\":\"\\u041d\\u0438\\u0436\\u0435\\u0433\\u043e\\u0440\\u043e\\u0434\\u0441\\u043a\\u0430\\u044f \\u043e\\u0431\\u043b\\u0430\\u0441\\u0442\\u044c\",\"IpDistrict\":\"\\u041f\\u0440\\u0438\\u0432\\u043e\\u043b\\u0436\\u0441\\u043a\\u0438\\u0439 \\u0444\\u0435\\u0434\\u0435\\u0440\\u0430\\u043b\\u044c\\u043d\\u044b\\u0439 \\u043e\\u043a\\u0440\\u0443\\u0433\",\"IpLatitude\":\"56.329918\",\"IpLongitude\":\"44.009193\",\"CardFirstSix\":\"427642\",\"CardLastFour\":\"6909\",\"CardType\":\"Visa\",\"CardExpDate\":\"01\\/22\",\"Issuer\":\"SBERBANK of Russia\",\"IssuerBankCountry\":\"RU\",\"Description\":\"\\u041f\\u0440\\u0438\\u043c\\u0435\\u0440 \\u043e\\u043f\\u043b\\u0430\\u0442\\u044b (\\u0434\\u0435\\u043d\\u044c\\u0433\\u0438 \\u0441\\u043d\\u0438\\u043c\\u0430\\u0442\\u044c\\u0441\\u044f \\u043d\\u0435 \\u0431\\u0443\\u0434\\u0443\\u0442)\",\"AuthCode\":\"255615\",\"Token\":\"649898882\",\"TestMode\":\"0\",\"Status\":\"Completed\",\"GatewayName\":\"Tinkoff\",\"Data\":\"{\\\"myProp\\\":\\\"myProp value\\\"}\",\"TotalFee\":\"13.61\",\"CardProduct\":\"F\",\"PaymentMethod\":null}', '2020-07-03 13:36:54', '2020-07-03 13:36:54'),
(9, '89107977141', '418391339', 'Пример оплаты (деньги сниматься не будут)', '349.00', 'Completed', '{\"TransactionId\":\"418391339\",\"Amount\":\"349.00\",\"Currency\":\"RUB\",\"PaymentAmount\":\"349.00\",\"PaymentCurrency\":\"RUB\",\"OperationType\":\"Payment\",\"InvoiceId\":null,\"AccountId\":\"89107977141\",\"SubscriptionId\":null,\"Name\":null,\"Email\":null,\"DateTime\":\"2020-07-03 17:35:46\",\"IpAddress\":\"85.140.7.37\",\"IpCountry\":\"RU\",\"IpCity\":\"\\u041c\\u043e\\u0441\\u043a\\u0432\\u0430\",\"IpRegion\":\"\\u041c\\u043e\\u0441\\u043a\\u0432\\u0430\",\"IpDistrict\":\"\\u0426\\u0435\\u043d\\u0442\\u0440\\u0430\\u043b\\u044c\\u043d\\u044b\\u0439 \\u0444\\u0435\\u0434\\u0435\\u0440\\u0430\\u043b\\u044c\\u043d\\u044b\\u0439 \\u043e\\u043a\\u0440\\u0443\\u0433\",\"IpLatitude\":\"55.755787\",\"IpLongitude\":\"37.617634\",\"CardFirstSix\":\"489347\",\"CardLastFour\":\"6581\",\"CardType\":\"Visa\",\"CardExpDate\":\"05\\/22\",\"Issuer\":\"VTB Bank PJSC\",\"IssuerBankCountry\":\"RU\",\"Description\":\"\\u041f\\u0440\\u0438\\u043c\\u0435\\u0440 \\u043e\\u043f\\u043b\\u0430\\u0442\\u044b (\\u0434\\u0435\\u043d\\u044c\\u0433\\u0438 \\u0441\\u043d\\u0438\\u043c\\u0430\\u0442\\u044c\\u0441\\u044f \\u043d\\u0435 \\u0431\\u0443\\u0434\\u0443\\u0442)\",\"AuthCode\":\"2X5VZ9\",\"Token\":\"649915730\",\"TestMode\":\"0\",\"Status\":\"Completed\",\"GatewayName\":\"Tinkoff\",\"Data\":\"{\\\"myProp\\\":\\\"myProp value\\\"}\",\"TotalFee\":\"13.61\",\"CardProduct\":\"N1\",\"PaymentMethod\":null}', '2020-07-03 14:35:49', '2020-07-03 14:35:49'),
(10, '89107977141', '418391339', 'Пример оплаты (деньги сниматься не будут)', '349.00', 'Completed', '{\"TransactionId\":\"418391339\",\"Amount\":\"349.00\",\"Currency\":\"RUB\",\"PaymentAmount\":\"349.00\",\"PaymentCurrency\":\"RUB\",\"OperationType\":\"Payment\",\"InvoiceId\":null,\"AccountId\":\"89107977141\",\"SubscriptionId\":null,\"Name\":null,\"Email\":null,\"DateTime\":\"2020-07-03 17:35:46\",\"IpAddress\":\"85.140.7.37\",\"IpCountry\":\"RU\",\"IpCity\":\"\\u041c\\u043e\\u0441\\u043a\\u0432\\u0430\",\"IpRegion\":\"\\u041c\\u043e\\u0441\\u043a\\u0432\\u0430\",\"IpDistrict\":\"\\u0426\\u0435\\u043d\\u0442\\u0440\\u0430\\u043b\\u044c\\u043d\\u044b\\u0439 \\u0444\\u0435\\u0434\\u0435\\u0440\\u0430\\u043b\\u044c\\u043d\\u044b\\u0439 \\u043e\\u043a\\u0440\\u0443\\u0433\",\"IpLatitude\":\"55.755787\",\"IpLongitude\":\"37.617634\",\"CardFirstSix\":\"489347\",\"CardLastFour\":\"6581\",\"CardType\":\"Visa\",\"CardExpDate\":\"05\\/22\",\"Issuer\":\"VTB Bank PJSC\",\"IssuerBankCountry\":\"RU\",\"Description\":\"\\u041f\\u0440\\u0438\\u043c\\u0435\\u0440 \\u043e\\u043f\\u043b\\u0430\\u0442\\u044b (\\u0434\\u0435\\u043d\\u044c\\u0433\\u0438 \\u0441\\u043d\\u0438\\u043c\\u0430\\u0442\\u044c\\u0441\\u044f \\u043d\\u0435 \\u0431\\u0443\\u0434\\u0443\\u0442)\",\"AuthCode\":\"2X5VZ9\",\"Token\":\"649915730\",\"TestMode\":\"0\",\"Status\":\"Completed\",\"GatewayName\":\"Tinkoff\",\"Data\":\"{\\\"myProp\\\":\\\"myProp value\\\"}\",\"TotalFee\":\"13.61\",\"CardProduct\":\"N1\",\"PaymentMethod\":null}', '2020-07-03 14:35:54', '2020-07-03 14:35:54'),
(11, '89107977141', '418391339', 'Пример оплаты (деньги сниматься не будут)', '349.00', 'Completed', '{\"TransactionId\":\"418391339\",\"Amount\":\"349.00\",\"Currency\":\"RUB\",\"PaymentAmount\":\"349.00\",\"PaymentCurrency\":\"RUB\",\"OperationType\":\"Payment\",\"InvoiceId\":null,\"AccountId\":\"89107977141\",\"SubscriptionId\":null,\"Name\":null,\"Email\":null,\"DateTime\":\"2020-07-03 17:35:46\",\"IpAddress\":\"85.140.7.37\",\"IpCountry\":\"RU\",\"IpCity\":\"\\u041c\\u043e\\u0441\\u043a\\u0432\\u0430\",\"IpRegion\":\"\\u041c\\u043e\\u0441\\u043a\\u0432\\u0430\",\"IpDistrict\":\"\\u0426\\u0435\\u043d\\u0442\\u0440\\u0430\\u043b\\u044c\\u043d\\u044b\\u0439 \\u0444\\u0435\\u0434\\u0435\\u0440\\u0430\\u043b\\u044c\\u043d\\u044b\\u0439 \\u043e\\u043a\\u0440\\u0443\\u0433\",\"IpLatitude\":\"55.755787\",\"IpLongitude\":\"37.617634\",\"CardFirstSix\":\"489347\",\"CardLastFour\":\"6581\",\"CardType\":\"Visa\",\"CardExpDate\":\"05\\/22\",\"Issuer\":\"VTB Bank PJSC\",\"IssuerBankCountry\":\"RU\",\"Description\":\"\\u041f\\u0440\\u0438\\u043c\\u0435\\u0440 \\u043e\\u043f\\u043b\\u0430\\u0442\\u044b (\\u0434\\u0435\\u043d\\u044c\\u0433\\u0438 \\u0441\\u043d\\u0438\\u043c\\u0430\\u0442\\u044c\\u0441\\u044f \\u043d\\u0435 \\u0431\\u0443\\u0434\\u0443\\u0442)\",\"AuthCode\":\"2X5VZ9\",\"Token\":\"649915730\",\"TestMode\":\"0\",\"Status\":\"Completed\",\"GatewayName\":\"Tinkoff\",\"Data\":\"{\\\"myProp\\\":\\\"myProp value\\\"}\",\"TotalFee\":\"13.61\",\"CardProduct\":\"N1\",\"PaymentMethod\":null}', '2020-07-03 14:36:55', '2020-07-03 14:36:55'),
(12, '89107977141', '418391339', 'Пример оплаты (деньги сниматься не будут)', '349.00', 'Completed', '{\"TransactionId\":\"418391339\",\"Amount\":\"349.00\",\"Currency\":\"RUB\",\"PaymentAmount\":\"349.00\",\"PaymentCurrency\":\"RUB\",\"OperationType\":\"Payment\",\"InvoiceId\":null,\"AccountId\":\"89107977141\",\"SubscriptionId\":null,\"Name\":null,\"Email\":null,\"DateTime\":\"2020-07-03 17:35:46\",\"IpAddress\":\"85.140.7.37\",\"IpCountry\":\"RU\",\"IpCity\":\"\\u041c\\u043e\\u0441\\u043a\\u0432\\u0430\",\"IpRegion\":\"\\u041c\\u043e\\u0441\\u043a\\u0432\\u0430\",\"IpDistrict\":\"\\u0426\\u0435\\u043d\\u0442\\u0440\\u0430\\u043b\\u044c\\u043d\\u044b\\u0439 \\u0444\\u0435\\u0434\\u0435\\u0440\\u0430\\u043b\\u044c\\u043d\\u044b\\u0439 \\u043e\\u043a\\u0440\\u0443\\u0433\",\"IpLatitude\":\"55.755787\",\"IpLongitude\":\"37.617634\",\"CardFirstSix\":\"489347\",\"CardLastFour\":\"6581\",\"CardType\":\"Visa\",\"CardExpDate\":\"05\\/22\",\"Issuer\":\"VTB Bank PJSC\",\"IssuerBankCountry\":\"RU\",\"Description\":\"\\u041f\\u0440\\u0438\\u043c\\u0435\\u0440 \\u043e\\u043f\\u043b\\u0430\\u0442\\u044b (\\u0434\\u0435\\u043d\\u044c\\u0433\\u0438 \\u0441\\u043d\\u0438\\u043c\\u0430\\u0442\\u044c\\u0441\\u044f \\u043d\\u0435 \\u0431\\u0443\\u0434\\u0443\\u0442)\",\"AuthCode\":\"2X5VZ9\",\"Token\":\"649915730\",\"TestMode\":\"0\",\"Status\":\"Completed\",\"GatewayName\":\"Tinkoff\",\"Data\":\"{\\\"myProp\\\":\\\"myProp value\\\"}\",\"TotalFee\":\"13.61\",\"CardProduct\":\"N1\",\"PaymentMethod\":null}', '2020-07-03 14:37:54', '2020-07-03 14:37:54'),
(13, '89107977141', '418391339', 'Пример оплаты (деньги сниматься не будут)', '349.00', 'Completed', '{\"TransactionId\":\"418391339\",\"Amount\":\"349.00\",\"Currency\":\"RUB\",\"PaymentAmount\":\"349.00\",\"PaymentCurrency\":\"RUB\",\"OperationType\":\"Payment\",\"InvoiceId\":null,\"AccountId\":\"89107977141\",\"SubscriptionId\":null,\"Name\":null,\"Email\":null,\"DateTime\":\"2020-07-03 17:35:46\",\"IpAddress\":\"85.140.7.37\",\"IpCountry\":\"RU\",\"IpCity\":\"\\u041c\\u043e\\u0441\\u043a\\u0432\\u0430\",\"IpRegion\":\"\\u041c\\u043e\\u0441\\u043a\\u0432\\u0430\",\"IpDistrict\":\"\\u0426\\u0435\\u043d\\u0442\\u0440\\u0430\\u043b\\u044c\\u043d\\u044b\\u0439 \\u0444\\u0435\\u0434\\u0435\\u0440\\u0430\\u043b\\u044c\\u043d\\u044b\\u0439 \\u043e\\u043a\\u0440\\u0443\\u0433\",\"IpLatitude\":\"55.755787\",\"IpLongitude\":\"37.617634\",\"CardFirstSix\":\"489347\",\"CardLastFour\":\"6581\",\"CardType\":\"Visa\",\"CardExpDate\":\"05\\/22\",\"Issuer\":\"VTB Bank PJSC\",\"IssuerBankCountry\":\"RU\",\"Description\":\"\\u041f\\u0440\\u0438\\u043c\\u0435\\u0440 \\u043e\\u043f\\u043b\\u0430\\u0442\\u044b (\\u0434\\u0435\\u043d\\u044c\\u0433\\u0438 \\u0441\\u043d\\u0438\\u043c\\u0430\\u0442\\u044c\\u0441\\u044f \\u043d\\u0435 \\u0431\\u0443\\u0434\\u0443\\u0442)\",\"AuthCode\":\"2X5VZ9\",\"Token\":\"649915730\",\"TestMode\":\"0\",\"Status\":\"Completed\",\"GatewayName\":\"Tinkoff\",\"Data\":\"{\\\"myProp\\\":\\\"myProp value\\\"}\",\"TotalFee\":\"13.61\",\"CardProduct\":\"N1\",\"PaymentMethod\":null}', '2020-07-03 14:38:54', '2020-07-03 14:38:54');

-- --------------------------------------------------------

--
-- Структура таблицы `players`
--

CREATE TABLE `players` (
  `id` bigint(20) UNSIGNED NOT NULL,
  `team_id` bigint(20) UNSIGNED NOT NULL,
  `name` varchar(191) COLLATE utf8mb4_unicode_ci NOT NULL,
  `birthday` date NOT NULL,
  `created_at` timestamp NULL DEFAULT NULL,
  `updated_at` timestamp NULL DEFAULT NULL
) ENGINE=InnoDB DEFAULT CHARSET=utf8mb4 COLLATE=utf8mb4_unicode_ci;

--
-- Дамп данных таблицы `players`
--

INSERT INTO `players` (`id`, `team_id`, `name`, `birthday`, `created_at`, `updated_at`) VALUES
(5, 8, 'Тестовый мега плайер', '2020-05-22', NULL, NULL);

-- --------------------------------------------------------

--
-- Структура таблицы `results`
--

CREATE TABLE `results` (
  `id` bigint(20) UNSIGNED NOT NULL,
  `score` varchar(255) COLLATE utf8mb4_unicode_ci NOT NULL,
  `created_at` timestamp NULL DEFAULT NULL,
  `updated_at` timestamp NULL DEFAULT NULL
) ENGINE=InnoDB DEFAULT CHARSET=utf8mb4 COLLATE=utf8mb4_unicode_ci;

-- --------------------------------------------------------

--
-- Структура таблицы `stadiums`
--

CREATE TABLE `stadiums` (
  `id` bigint(20) UNSIGNED NOT NULL,
  `name` varchar(191) COLLATE utf8mb4_unicode_ci DEFAULT NULL,
  `created_at` timestamp NULL DEFAULT NULL,
  `updated_at` timestamp NULL DEFAULT NULL
) ENGINE=InnoDB DEFAULT CHARSET=utf8mb4 COLLATE=utf8mb4_unicode_ci;

-- --------------------------------------------------------

--
-- Структура таблицы `teams`
--

CREATE TABLE `teams` (
  `id` bigint(20) UNSIGNED NOT NULL,
  `name` varchar(191) COLLATE utf8mb4_unicode_ci NOT NULL,
  `city` varchar(191) COLLATE utf8mb4_unicode_ci NOT NULL,
  `avatar` varchar(191) COLLATE utf8mb4_unicode_ci NOT NULL,
  `created_at` timestamp NULL DEFAULT NULL,
  `updated_at` timestamp NULL DEFAULT NULL,
  `category_id` varchar(191) COLLATE utf8mb4_unicode_ci DEFAULT NULL
) ENGINE=InnoDB DEFAULT CHARSET=utf8mb4 COLLATE=utf8mb4_unicode_ci;

--
-- Дамп данных таблицы `teams`
--

INSERT INTO `teams` (`id`, `name`, `city`, `avatar`, `created_at`, `updated_at`, `category_id`) VALUES
(7, '\"Радий\" (2005)', 'Нижний Новгород', 'images/uploads/fe47c057579e96d42741bc6b2933d848.jpg', '2020-05-14 04:29:48', '2020-07-05 08:41:45', '10'),
(8, '\"Надежда\" (2005)', 'Нижний Новгород', 'images/uploads/34293e9159f5cd467c7a0949127bfe50.jpg', '2020-05-14 04:31:04', '2020-07-05 08:41:58', '10'),
(9, '\"Салют-3\" (2005)', 'Дзержинск', 'images/uploads/e52cc01c6f922c929c9c7413e230963c.jpg', '2020-05-14 04:31:51', '2020-07-05 08:42:04', '10'),
(10, '\"Импульс\" (2005)', 'Кстово', 'images/uploads/8bb730458d9932169bde8e8e3c548c95.jpg', '2020-05-14 04:32:58', '2020-07-05 08:42:13', '10'),
(11, '\"Салют-Л\" (2005)', 'Дзержинск', 'images/uploads/719efb4d5afe7f77d2ed92ea05089275.jpg', '2020-05-14 04:33:31', '2020-07-05 08:42:20', '10'),
(12, 'СШ \"Сормово\" (2006)', 'Нижний Новгород', 'images/uploads/f433f485d1d8061f35b12d1eaf3591e0.jpg', '2020-05-14 04:34:39', '2020-07-05 08:42:36', '11'),
(13, 'СШ \"Мещера\" (2006)', 'Нижний Новгород', 'images/uploads/695e6749fd4778650268af970180a3e3.jpg', '2020-05-14 04:35:11', '2020-07-05 08:42:43', '11'),
(14, '\"Дом Москвы\" (2006)', 'Балахна', 'images/uploads/c62b57b0103942b531df139a25a9bc98.jpg', '2020-05-14 04:35:39', '2020-07-05 08:42:51', '11'),
(15, '\"Уран\" (2006)', 'Дзержинск', 'images/uploads/40897574bffa62b11bd36e3c8245512f.jpg', '2020-05-14 04:36:05', '2020-07-05 08:42:59', '11'),
(16, '\"Радий\" (2006)', 'Нижний Новгород', 'images/uploads/1bbf6239158a864c4425b83e92540731.jpg', '2020-05-14 04:36:30', '2020-07-05 08:43:07', '11'),
(17, '\"Радий-2\" (2006)', 'Нижний Новгород', 'images/uploads/0a62cfe03032cebc7fe4a2090e848ab5.jpg', '2020-05-14 04:36:59', '2020-07-05 08:43:16', '11'),
(18, '\"Родина\"-СШОР №8 (2006)', 'Нижний Новгород', 'images/uploads/98ccefa5e842d54c9837a8a2fb2ab838.jpg', '2020-05-14 04:37:39', '2020-07-05 08:43:27', '11'),
(19, '\"Икар\" (2006)', 'Саров', 'images/uploads/876dce7b5c85b0b2e2fe6011a5fb262c.jpg', '2020-05-14 04:38:02', '2020-07-05 08:43:36', '11'),
(20, 'СШ \"Мещера-Кварц\" (2007)', 'Нижний Новгород', 'images/uploads/75c189178474b31438af8e4cbf6ee7f0.jpg', '2020-05-14 04:38:56', '2020-07-05 08:56:10', '12'),
(21, '\"Салют\" (2007)', 'Дзержинск', 'images/uploads/b7756ca8f6d4585931f6a8fe8eb546ae.jpg', '2020-05-14 04:39:43', '2020-07-05 08:56:30', '12'),
(22, '\"Автозаводец\" (2007)', 'Нижний Новгород', 'images/uploads/00876b1eafbb0665f49e995a08700046.jpg', '2020-05-14 04:40:14', '2020-07-03 15:35:18', '3'),
(23, '\"Радий\" (2007)', 'Нижний Новгород', 'images/uploads/1b74a1864901bfb2c92a96146771c486.jpg', '2020-05-14 04:40:46', '2020-07-05 09:01:08', '12'),
(24, '\"Радий-2\" (2007)', 'Нижний Новгород', 'images/uploads/35e4c8b19793440d252449caa3d2431d.jpg', '2020-05-14 04:41:13', '2020-07-05 09:01:19', '18'),
(25, '\"Дом Москвы\" (2007)', 'Балахна', 'images/uploads/027304d3d99c692a1b9ca3783eb6e643.jpg', '2020-05-14 04:41:40', '2020-07-05 09:01:45', '18'),
(26, '\"Химик-2008\" (2007)', 'Дзержинск', 'images/uploads/29c81055c9823f84f7b2c1a7b70603db.jpg', '2020-05-14 04:42:08', '2020-07-05 09:02:36', '18'),
(27, 'СШОР №8-ГЛАВСПОРТ (2007)', 'Нижний Новгород', 'images/uploads/4485762c3a4569180a73ad2872df13fe.jpg', '2020-05-14 04:43:00', '2020-07-05 09:02:55', '12'),
(28, 'СШОР №8-ГЛАВСПОРТ-2 (2007)', 'Нижний Новгород', 'images/uploads/e50f6fc49f61d48771ae3c2193ea4f63.jpg', '2020-05-14 04:43:33', '2020-07-05 09:03:08', '12'),
(29, '\"Торпедо\"-СШОР №8 (2007)', 'Нижний Новгород', 'images/uploads/4fea8067e5e04ffce6224498b8adc177.jpg', '2020-05-14 04:44:08', '2020-07-05 09:03:20', '12'),
(30, 'РЦПФ-2009 (2008)', 'Нижний Новгород', 'images/uploads/9de78f10c7eb45634b27e041fe5b40d0.jpg', '2020-05-14 04:45:02', '2020-07-05 09:05:48', '21'),
(31, 'СШ \"Мещера\" (2008)', 'Нижний Новгород', 'images/uploads/6e75ceaacdc3e934d63df853eaad5cd8.jpg', '2020-05-14 04:45:32', '2020-07-05 09:16:53', '21'),
(32, 'СШОР №8 \"Спартак\" (2008)', 'Нижний Новгород', 'images/uploads/a2664befa47eb03904252652aa7e10e7.jpg', '2020-05-14 04:46:40', '2020-07-05 09:19:24', '21'),
(33, 'ФК \"Ворсма\" (2008)', 'Ворсма', 'images/uploads/8670e624b05b8b71f417643e1ff2c1ba.jpg', '2020-05-14 04:47:05', '2020-07-05 09:19:31', '21'),
(34, '\"Премьер-Лига\" (2008)', 'Кстово', 'images/uploads/f3ec209a8fbca4722a1c9f61a4f0adfa.jpg', '2020-05-14 04:47:32', '2020-07-05 09:19:38', '21'),
(35, '\"Радий\" (2008)', 'Нижний Новгород', 'images/uploads/39caf3619e2d57f021e376f171bc9fc6.jpg', '2020-05-14 04:48:02', '2020-07-05 09:19:44', '21'),
(36, 'СШОР \"Салют-Д\" (2008)', 'Дзержинск', 'images/uploads/794d6b68818c6ec405f75864683c4e5f.jpg', '2020-05-14 04:48:52', '2020-07-05 09:19:51', '21'),
(37, 'СШОР \"Салют\" (2008)', 'Дзержинск', 'images/uploads/2b2aafb17e01fa5a4a03ffe06911fd74.jpg', '2020-05-14 04:49:33', '2020-07-05 09:20:50', '21'),
(38, 'СШОР №8 \"Виктория\" (2008)', 'Нижний Новгород', 'images/uploads/569576c9bda978953c865e0ff170b18c.jpg', '2020-05-14 04:50:13', '2020-07-05 09:20:56', '21'),
(39, 'СШОР №8 \"НИЖФАРМ\" (2008)', 'Нижний Новгород', 'images/uploads/4a8ea3de499a78a561e0405ed4a4ce17.jpg', '2020-05-14 04:50:45', '2020-07-05 09:21:20', '21'),
(40, 'ФОК \"Олимпийский\" (2009)', 'Балахна', 'images/uploads/aaea3c9d4bbd68b2401c38a0ce779455.jpg', '2020-05-14 04:51:27', '2020-07-05 09:23:10', '14'),
(41, 'СШ \"Икар\" (2009)', 'Саров', 'images/uploads/22ab774039573ea02cba2a933ddd0eca.jpg', '2020-05-14 04:51:47', '2020-07-05 09:23:40', '13'),
(42, '\"Олимпийские Надежды\" (2009)', 'Нижний Новгород', 'images/uploads/761ba06d45e75223b2d6ac06c9c4074f.jpg', '2020-05-14 04:52:20', '2020-07-05 09:24:01', '14'),
(43, 'СШОР №8 \"Волга\" (2009)', 'Нижний Новгород', 'images/uploads/aabd0e492835dd2d35e0a1ce610bd975.jpg', '2020-05-14 04:52:51', '2020-07-05 09:24:35', '13'),
(44, 'СШОР №8 \"Ока\" (2009)', 'Нижний Новгород', 'images/uploads/c0835703e3faef4b6bb25a2a6b86fc31.jpg', '2020-05-14 04:53:20', '2020-07-05 09:25:02', '14'),
(45, 'ФК \"Ворсма\" (2009)', 'Ворсма', 'images/uploads/1dd20818de73133b57a33c4e40881b17.jpg', '2020-05-14 04:53:50', '2020-07-05 09:25:39', '13'),
(46, 'СШ \"Мещера\" (2009)', 'Нижний Новгород', 'images/uploads/fc1273ae502ea0edb88baf2b1ffe40ec.jpg', '2020-05-14 04:54:15', '2020-07-05 09:26:25', '13'),
(47, '\"Премьер-Лига\" (2009)', 'Кстово', 'images/uploads/3a06f99a44d5c63f3b6a676ded0f3222.jpg', '2020-05-14 04:54:43', '2020-07-05 09:27:33', '14'),
(48, '\"СШОР №8-2009\" (2009)', 'Нижний Новгород', 'images/uploads/bf95b01afdb7e5b8bd3ce584ba928278.jpg', '2020-05-14 04:55:17', '2020-07-05 09:27:56', '14'),
(49, '\"Радий\" (2009)', 'Нижний Новгород', 'images/uploads/a75e7dffa6786f4e3c402bc1e6a1b3d4.jpg', '2020-05-14 04:56:02', '2020-07-05 09:28:12', '13'),
(50, '\"Радий-2\" (2009)', 'Нижний Новгород', 'images/uploads/fd427b1fc8fd0299ab243a393775d62e.jpg', '2020-05-14 04:56:27', '2020-07-05 09:29:03', '14'),
(51, '\"Водник\" (2009)', 'Нижний Новгород', 'images/uploads/8c87812ff275d7ad8b291b3911349014.jpg', '2020-05-14 04:56:50', '2020-07-05 09:29:27', '14'),
(52, '\"Салют\" (2009)', 'Дзержинск', 'images/uploads/955f47b886ce977bc638917753a5b80e.jpg', '2020-05-14 04:57:15', '2020-07-05 09:29:42', '14'),
(53, '\"Фора\" (2009)', 'Нижний Новгород', 'images/uploads/9042851cf1d483b5c4e98600bad1baab.jpg', '2020-05-14 04:57:41', '2020-07-05 09:30:07', '14'),
(54, '\"СШОР №8-Торпедо\" (2009)', 'Нижний Новгород', 'images/uploads/d7e0a6381088cfe223ca1fe45927f86c.jpg', '2020-05-14 04:58:35', '2020-07-05 09:31:17', '13'),
(55, 'СШ \"Химик\" (2009)', 'Дзержинск', 'images/uploads/b13a2beec4e27bebfdc4925117a2ec12.jpg', '2020-05-14 04:59:04', '2020-07-05 09:32:26', '13'),
(56, 'СШ \"Химик-2\" (2009)', 'Дзержинск', 'images/uploads/a764a493b3799c02cd70ac3230f9b21e.jpg', '2020-05-14 04:59:29', '2020-07-05 09:32:43', '14'),
(57, 'СШ \"Химик-3\" (2009)', 'Дзержинск', 'images/uploads/b0300724989e0bb1b86fc0f7f4a40692.jpg', '2020-05-14 04:59:57', '2020-07-05 09:33:07', '14'),
(58, 'СШ \"Спартак\" (2009)', 'Бор', 'images/uploads/325d3a9f75d3dc42c249101176ee9c81.jpg', '2020-05-14 05:00:15', '2020-07-05 09:33:41', '13'),
(59, '\"Авангард\" (2009)', 'пос. Решетиха', 'images/uploads/df89df6085c96e26a3839f8fb927b7ec.jpg', '2020-05-14 05:00:46', '2020-07-05 09:35:55', '14'),
(60, '\"Спарта\" (2009)', 'Нижегородская область', 'images/uploads/2d7b5c6c300d5be0aa87587d6dbb6a24.jpg', '2020-05-14 05:01:17', '2020-07-05 09:36:14', '13'),
(61, 'СШ \"Спартак\" (2010)', 'Бор', 'images/uploads/d70c04f1fe2d472030088db951a45ee4.jpg', '2020-05-14 05:02:07', '2020-07-05 09:37:34', '16'),
(62, 'СШ \"Спартак-2\" (2010)', 'Бор', 'images/uploads/22f4dfab86386cb4bfae125f496b9bd7.jpg', '2020-05-14 05:02:30', '2020-07-05 09:37:51', '17'),
(63, 'СШ \"Мещера\" (2010)', 'Нижний Новгород', 'images/uploads/852c60155298e9d1ff21ed49e98bd44c.jpg', '2020-05-14 05:02:59', '2020-07-05 09:38:12', '16'),
(64, 'СШ \"Мещера-2\" (2010)', 'Нижний Новгород', 'images/uploads/2ffe4b72bb7e846e5c47ac33b307e11c.jpg', '2020-05-14 05:03:20', '2020-07-05 09:38:29', '17'),
(65, '\"Витязь\" (2010)', 'Нижний Новгород', 'images/uploads/e894a5142b63c89c29108fcd237f948c.jpg', '2020-05-14 05:03:49', '2020-07-05 09:38:57', '17'),
(66, '\"СШОР Салют\" (2010)', 'Дзержинск', 'images/uploads/2aa69ef4c4dba230f2ff84c789c363b1.jpg', '2020-05-14 05:04:20', '2020-07-05 09:40:38', '16'),
(67, '\"СШОР Салют-2\" (2010)', 'Дзержинск', 'images/uploads/692727c09e8ecb8b55fbfa2dad587608.jpg', '2020-05-14 05:04:46', '2020-07-05 09:40:51', '17'),
(68, '\"Радий\" (2010)', 'Нижний Новгород', 'images/uploads/bd895c4bf2ea998929c7e30cbad4ad00.jpg', '2020-05-14 05:05:14', '2020-07-05 09:41:04', '16'),
(69, '\"Радий-2\" (2010)', 'Нижний Новгород', 'images/uploads/79ae13cef6f179e26b1440e0155d6cbb.jpg', '2020-05-14 05:05:37', '2020-07-05 09:41:17', '16'),
(70, '\"Радий-3\" (2010)', 'Нижний Новгород', 'images/uploads/e030c474e9c85d8a23dc31e52dee3cf7.jpg', '2020-05-14 05:06:02', '2020-07-05 09:41:31', '17'),
(71, '\"Премьер-Лига\" (2010)', 'Кстово', 'images/uploads/ff1ae1305e01c45971d48fd8a3282a44.jpg', '2020-05-14 05:06:23', '2020-07-05 09:41:59', '16'),
(72, '\"Юность\" (2010)', 'Нижний Новгород', 'images/uploads/3a52b4c85f7007bb600d7a0c71650642.jpg', '2020-05-14 05:06:43', '2020-07-05 09:42:28', '17'),
(73, '\"Восток\" (2010)', 'Нижний Новгород', 'images/uploads/aec81388acd75cc8bcaf1f0246e0f64c.jpg', '2020-05-14 05:07:07', '2020-07-05 09:42:47', '17'),
(74, '\"Северная Звезда\" (2010)', 'Нижний Новгород', 'images/uploads/8f6e2d9eaf9fb032d5bd7f80fe484674.jpg', '2020-05-14 05:07:43', '2020-07-05 09:43:08', '16'),
(75, '\"Уран\" (2010)', 'Дзержинск', 'images/uploads/fb3ad2c465b5374edbe0ed50b1669caf.jpg', '2020-05-14 05:08:04', '2020-07-05 09:43:32', '17'),
(76, '\"Надежда\" (2010)', 'Нижний Новгород', 'images/uploads/b33b245074c26cb4e3a0ebe17b1915f3.jpg', '2020-05-14 05:08:40', '2020-07-05 09:43:55', '16'),
(77, '\"Надежда-2\" (2010)', 'Нижний Новгород', 'images/uploads/cca3ccb849309d218db8eaf62fafcf9c.jpg', '2020-05-14 05:09:13', '2020-07-05 09:44:41', '17'),
(78, '\"Полет\" (2010)', 'Нижний Новгород', 'images/uploads/ac2b001e40c0a2a65d9d02d30358fcf9.jpg', '2020-05-14 05:09:35', '2020-07-05 09:44:57', '17'),
(79, '\"Икар\" (2010)', 'Саров', 'images/uploads/3ba9037f32f1619614a76a3668b895bd.jpg', '2020-05-14 05:09:54', '2020-07-05 09:45:17', '16'),
(80, '\"Икар-2\" (2010)', 'Саров', 'images/uploads/0d2b4298f255190bfc102b3eeb641093.jpg', '2020-05-14 05:10:12', '2020-07-05 09:45:33', '17'),
(81, 'СШ \"Олимп\" (2011)', 'пос. Ждановский', 'images/uploads/054fc0361f44dc4d608b092a1d27b256.jpg', '2020-05-14 05:11:00', '2020-07-05 09:46:38', '20'),
(82, '\"СШОР №8-2011\" (2011)', 'Нижний Новгород', 'images/uploads/1a7517be7a08967b221ac2bf04b703f6.jpg', '2020-05-14 05:11:38', '2020-07-05 09:47:31', '19'),
(83, '\"СШОР №8-2011-2\" (2011)', 'Нижний Новгород', 'images/uploads/5c97dd9682cb8d698bb579f5d33e4026.jpg', '2020-05-14 05:12:10', '2020-07-05 09:47:51', '20'),
(84, '\"Волжский Берег\" (2011)', 'Кстово', 'images/uploads/a878a733630985717617e742a8ad2562.jpg', '2020-05-14 05:12:46', '2020-07-05 09:48:18', '19'),
(85, '\"СШОР-Северный\" (2011)', 'Нижний Новгород', 'images/uploads/3a1808da80631369966830365440d66c.jpg', '2020-05-14 05:13:11', '2020-07-05 09:48:34', '19'),
(86, '\"СШОР-Северный-2\" (2011)', 'Нижний Новгород', 'images/uploads/b40b13cbc20635feb598b86a6e60581b.jpg', '2020-05-14 05:13:40', '2020-07-05 09:49:03', '19'),
(87, '\"СШОР-Северный-3\" (2011)', 'Нижний Новгород', 'images/uploads/249a8ce92423cd73f2801f24dff62e4e.jpg', '2020-05-14 05:14:05', '2020-07-05 09:50:20', '20'),
(88, 'РЦПФ НН-2011', 'Нижний Новгород', 'images/uploads/8bf8821c9de625a6e9ac1c84fda49cdf.jpg', '2020-05-14 05:14:31', '2020-07-05 13:30:11', '19'),
(89, 'ФК \"Ворсма\" (2011)', 'Ворсма', 'images/uploads/a3d82b7013a4c238b75a919bad0be667.jpg', '2020-05-14 05:14:57', '2020-07-05 09:52:48', '19'),
(90, '\"Фора\" (2011)', 'Нижний Новгород', 'images/uploads/5caf65b908e2267d41dc76edbcdea1fd.jpg', '2020-05-14 05:15:16', '2020-07-05 09:54:14', '20'),
(91, 'СШ \"Юность\" (2011)', 'Нижний Новгород', 'images/uploads/7df7d76970f1fe6bfd40a8930184d17e.jpg', '2020-05-14 05:15:39', '2020-07-05 09:54:35', '20'),
(92, 'СШ \"Юность-2\" (2011)', 'Нижний Новгород', 'images/uploads/2a64ea65d0eb533b6748134a6aaa88f5.jpg', '2020-05-14 05:16:00', '2020-07-05 09:54:53', '20'),
(93, '\"Торпедо\" (2011)', 'Павлово', 'images/uploads/b4c13c919a57fc65dbefe926cb9914d6.jpg', '2020-05-14 05:16:27', '2020-07-05 09:55:46', '20'),
(94, '\"Радий-Приокский\" (2011)', 'Нижний Новгород', 'images/uploads/3637e02312770c5f0325eed54a58ea0e.jpg', '2020-05-14 05:16:55', '2020-07-05 09:56:18', '20'),
(95, 'СШ \"Мещера\" (2011)', 'Нижний Новгород', 'images/uploads/bc852d75a5f11f9490410d072a0863ae.jpg', '2020-05-14 05:17:44', '2020-07-05 09:56:30', '19'),
(96, '\"Чкаловец\" (2011)', 'Арзамас', 'images/uploads/8236b5c21b9a6b6b48d9b3e3907c1aec.jpg', '2020-05-14 05:18:31', '2020-07-05 09:56:42', '20'),
(97, '\"Кр. горка\" - \"Спартак\" (2011)', 'Бор', 'images/uploads/d6c7b30a4de4622b88d79451281afe0c.jpg', '2020-05-14 05:19:28', '2020-07-05 09:57:33', '19'),
(98, 'СШ \"Сормово\" (2012)', 'Нижний Новгород', 'images/uploads/24b3cedb79dced95fc87de4e0b84a7dc.jpg', '2020-05-14 05:20:10', '2020-07-05 09:58:34', '22'),
(99, '\"Сормово\" (2012)', 'Нижний Новгород', 'images/uploads/1ba88e951697a7386d324c50af3e3874.jpg', '2020-05-14 05:20:39', '2020-07-05 09:58:54', '9'),
(100, 'СШ \"Мещера\" (2012)', 'Нижний Новгород', 'images/uploads/0f1606869d415f7901f284e278827f91.jpg', '2020-05-14 05:21:06', '2020-07-05 09:59:11', '22'),
(101, '\"Волжский Берег\" (2012)', 'Кстово', 'images/uploads/eafa806c76d3dc6fe1ed11f7cdcc9146.jpg', '2020-05-14 05:21:31', '2020-07-05 09:59:22', '9'),
(102, 'ФК \"Ворсма\" (2012)', 'Ворсма', 'images/uploads/2ee473df4964ddd03b2b793faa0e3f0c.jpg', '2020-05-14 05:21:59', '2020-07-05 10:00:00', '22'),
(103, '\"Премьер-Лига\" (2012)', 'Кстово', 'images/uploads/952a240d18fd55f2b8a93bd198a5b78d.jpg', '2020-05-14 05:22:23', '2020-07-05 10:00:12', '9'),
(104, 'СШ \"Спартак-Кварц\" (2012)', 'Бор', 'images/uploads/1dcdbd58bac52df92260271962ddd951.jpg', '2020-05-14 05:22:52', '2020-07-05 10:00:54', '22'),
(105, '\"Радий-Приокский\" (2012)', 'Нижний Новгород', 'images/uploads/145baae931a43db7fc968806e250169a.jpg', '2020-05-14 05:23:19', '2020-07-05 15:00:44', '9'),
(106, '\"Юность\" (2012)', 'Нижний Новгород', 'images/uploads/afd5eb66de6b434cda8b297f769825d3.jpg', '2020-05-14 05:23:39', '2020-07-05 10:01:25', '9'),
(107, '\"Радий\" (2012)', 'Нижний Новгород', 'images/uploads/2d78d789ca28a2302cb5c5c0ccd12f5a.jpg', '2020-05-14 05:24:01', '2020-07-05 10:01:57', '22'),
(108, '\"Радий-2\" (2012)', 'Нижний Новгород', 'images/uploads/e9ff2aa3f59f4328ff9995f0a974fa5a.jpg', '2020-05-14 05:24:32', '2020-07-05 10:02:31', '22'),
(109, '\"Радий-3\" (2012)', 'Нижний Новгород', 'images/uploads/a183a3d3d8c85bf02ad0bc564d00b75c.jpg', '2020-05-14 05:24:55', '2020-07-05 10:02:51', '9'),
(110, '\"Soccer Masters\" (2012)', 'Бор', 'images/uploads/260317923bcd5570210d14903b30a471.jpg', '2020-05-14 05:25:30', '2020-07-05 10:03:13', '22'),
(111, '\"СШОР №8-Северный\" (2012)', 'Нижний Новгород', 'images/uploads/0c22b82efcb3a336984accf5337a0e1a.jpg', '2020-05-14 05:25:59', '2020-07-05 10:04:05', '22'),
(112, '\"СШОР №8-Северный-2\" (2012)', 'Нижний Новгород', 'images/uploads/7408f4146e661b5744663f5174b1fe09.jpg', '2020-05-14 05:26:25', '2020-07-05 10:04:28', '22'),
(113, '\"СШОР №8-Северный-3\" (2012)', 'Нижний Новгород', 'images/uploads/459c53a64d9b4127d47e11b95b31f76f.jpg', '2020-05-14 05:26:58', '2020-07-05 10:05:09', '9'),
(114, '\"Красная горка\" (2012)', 'Бор', 'images/uploads/50986ec8e31168db10d9ccaed5b0ba38.jpg', '2020-05-14 05:27:18', '2020-07-05 10:05:31', '9'),
(115, '\"Искра\" (2013)', 'Нижний Новгород', 'images/uploads/b50f9aac6a39e666f62cced478779641.jpg', '2020-05-14 05:27:51', '2020-07-05 10:06:02', '15'),
(116, '\"Радий\" (2013)', 'Нижний Новгород', 'images/uploads/8fdd7628ccb6f228c1cb771d7cf2d4d5.jpg', '2020-05-14 05:28:14', '2020-07-05 10:06:21', '15'),
(117, '\"Волна\" (2013)', 'Балахна', 'images/uploads/028d62f29969b9275c746f9ae4b2a2c6.jpg', '2020-05-14 05:28:37', '2020-07-05 10:06:39', '15'),
(118, '\"Радий-2\" (2013)', 'Нижний Новгород', 'images/uploads/68542da28674f8c6c9492d15dfa2d499.jpg', '2020-05-14 05:29:04', '2020-07-05 10:06:54', '15'),
(119, '\"СШОР №8-Северный\" (2013)', 'Нижний Новгород', 'images/uploads/441904827137049af4aaab11b4602ef4.jpg', '2020-05-14 05:29:49', '2020-07-05 10:07:15', '15'),
(120, '\"СШОР №8-Северный-2\" (2013)', 'Нижний Новгород', 'images/uploads/fb020f1d9caa5f4b05ea41e7cb3ceadd.jpg', '2020-05-14 05:30:19', '2020-07-05 10:07:30', '15'),
(121, '\"СШОР №8-Северный-3\" (2013)', 'Нижний Новгород', 'images/uploads/6044da99c33920132b34673ea372256e.jpg', '2020-05-14 05:30:48', '2020-07-05 10:07:43', '15'),
(122, '\"Soccer Masters\" (2013)', 'Бор', 'images/uploads/3995cf26980b47a2b43a678f13a69446.jpg', '2020-05-14 05:31:25', '2020-07-05 10:08:51', '15'),
(123, 'ФОК \"Чемпион\" (2013)', 'Арзамас', 'images/uploads/2af0754c3329cb82e56a6f2cbd97e406.jpg', '2020-05-14 05:31:52', '2020-07-05 10:09:20', '15'),
(124, '\"Реал Кидс\"', 'Нижний Новгород', 'images/uploads/be69cd63cf203fe1a9412deae89c1228.png', '2020-07-05 10:11:43', '2020-07-05 10:11:43', '15'),
(125, 'ФОК \"Чемпион\" (2013) р.п Выездное', 'р.п Выездное', 'images/uploads/9eb7ccdee6c146ba5d1098313e4392dc.png', '2020-07-05 10:19:35', '2020-07-05 10:19:35', '15'),
(126, '\"КиТ\" (2013)', 'Нижний Новгород', 'images/uploads/607ed777920707fa93814dd4780dc1d3.png', '2020-07-05 10:20:13', '2020-07-05 10:20:13', '15'),
(127, 'Юниор Теннис Парк (2013)', 'Нижний Новгород', 'images/uploads/2f3ef76fffabd741e6ac515c9a66e8e0.png', '2020-07-05 10:20:41', '2020-07-05 10:20:41', '15'),
(128, 'РЦПФ НН (2004)', 'Нижний Новгород', 'images/uploads/99f81e55615502327bab34f036300ce7.png', '2020-07-05 10:37:16', '2020-07-05 10:37:16', '10'),
(129, '\"Радий\" (2004)', 'Нижний Новгород', 'images/uploads/ad8784c5c4425362d733ccff817c4a75.png', '2020-07-05 10:40:20', '2020-07-05 10:40:20', '10'),
(130, 'СШОР №8 (2004)', 'Нижний Новгород', 'images/uploads/e0ef553ee724863bc99478c629920568.png', '2020-07-05 10:44:24', '2020-07-05 10:44:24', '10'),
(131, 'СШОР №8 Северный (2004)', 'Нижний Новгород', 'images/uploads/be7c70926f19aa1a592fe343eae07998.png', '2020-07-05 10:44:46', '2020-07-05 10:44:46', '10'),
(132, '\"Главспорт\"', 'Нижний Новгород', 'images/uploads/875c35888a9fffc3a183e3dacc943fc4.png', '2020-07-05 10:48:40', '2020-07-05 10:48:40', '10'),
(133, 'РЦПФ НН-2005', 'Нижний Новгород', 'images/uploads/d032bb9de8bd27513857c1ec4b6c446e.png', '2020-07-05 10:51:57', '2020-07-05 10:51:57', '10'),
(134, '\"Водник\"', 'Нижний Новгород', 'images/uploads/a8d54ad6b01b1ed621f0c92a8723c667.png', '2020-07-05 10:52:41', '2020-07-05 10:52:41', '10'),
(135, 'СШОР №8-2005', 'Нижний Новгород', 'images/uploads/c11b4b57d34ed0be2cf0962a0bd2dd43.png', '2020-07-05 10:54:48', '2020-07-05 10:54:48', '10'),
(136, '\"Искра\" (2009)', 'Нижний Новгород', 'images/uploads/d346ffb2b36a2356de63f36ccbdee30d.png', '2020-07-05 10:59:46', '2020-07-05 10:59:46', '13'),
(137, 'РЦПФ НН-2010', 'Нижний Новгород', 'images/uploads/9d8768cf4da0fad7008ec05f19d2e169.png', '2020-07-05 11:00:50', '2020-07-05 11:00:50', '13'),
(138, '\"Торпедо\" (2009)', 'Арзамас', 'images/uploads/4f6ac8f11b5e05e26f8a6b1a250a6f92.png', '2020-07-05 11:39:33', '2020-07-05 11:39:33', '14'),
(139, 'Volga Kids (2013)', 'Нижний Новгород', 'images/uploads/61f6129644f95ae25e6ce650d2716cbf.png', '2020-07-05 11:47:05', '2020-07-05 11:47:05', '15'),
(140, 'СШОР №8 (2013)', 'Нижний Новгород', 'images/uploads/1e8549e0c01c5d039e421dbc24c811fe.png', '2020-07-05 11:51:57', '2020-07-05 11:51:57', '15'),
(141, 'СШОР №8-2 (2013)', 'Нижний Новгород', 'images/uploads/86c2efd0919d260fc774ee267c0bd5b6.png', '2020-07-05 11:52:10', '2020-07-05 11:52:10', '15'),
(142, 'СШОР №8-3 (2013)', 'Нижний Новгород', 'images/uploads/ff69c94d2d66e1aabfe14f75b8b49b09.png', '2020-07-05 11:52:27', '2020-07-05 11:52:27', '15'),
(143, 'РЦПФ НН-2006', 'Нижний Новгород', 'images/uploads/626470cf71d9fa956fefb0b04674b6ba.png', '2020-07-05 11:57:13', '2020-07-05 11:57:13', '11'),
(144, 'СШ \"Олимп\" пос. Ждановский (2006)', 'пос. Ждановский', 'images/uploads/67b4a8a26ca1955acbc4dce9f5c82cbf.png', '2020-07-05 12:01:17', '2020-07-05 13:42:30', '11'),
(145, 'СШ \"Химик\" (2006)', 'Дзержинск', 'images/uploads/0f602a863d7fda79e182f4d46fd2b086.png', '2020-07-05 12:02:07', '2020-07-05 12:02:07', '11'),
(146, 'СШОР №8-ВЕЛЛ (2006)', 'Нижний Новгород', 'images/uploads/c0e36158f0778d322153f4d33c5cfac1.png', '2020-07-05 12:03:43', '2020-07-05 12:03:43', '11'),
(147, 'СШОР №8-2006', 'Нижний Новгород', 'images/uploads/bc51d476864606d61d96de2b5fffdc0c.png', '2020-07-05 12:05:25', '2020-07-05 12:05:25', '11'),
(148, 'РЦПФ НН-2010-2', 'Нижний Новгород', 'images/uploads/7a5bb5bda607f625bdc2a057a4c97448.png', '2020-07-05 12:12:00', '2020-07-05 12:12:00', '16'),
(149, 'ФОК \"Чемпион\" (2010) р.п Выездное', 'р.п Выездное', 'images/uploads/6656efc9a2e3e1101e039e86e5320959.png', '2020-07-05 12:15:20', '2020-07-05 12:15:20', '16'),
(150, 'СШ \"Химик\" (2010)', 'Дзержинск', 'images/uploads/d13fcfae4afafd925552b889ccb5e220.png', '2020-07-05 12:17:10', '2020-07-05 12:17:10', '16'),
(151, 'СШОР №8 (2010)', 'Нижний Новгород', 'images/uploads/11646babc778b43ba9fa343f342b4ada.png', '2020-07-05 12:18:51', '2020-07-05 12:18:51', '16'),
(152, 'СШОР №8-2011 (2010)', 'Нижний Новгород', 'images/uploads/bac0fad90fbfcfb99e5db6763df9bdaf.png', '2020-07-05 12:31:22', '2020-07-05 12:31:22', '17'),
(153, '\"Фора\" (2010)', 'Нижний Новгород', 'images/uploads/e8c92c81e3949da75ab3f9fbddcbe8fe.png', '2020-07-05 12:33:53', '2020-07-05 12:33:53', '17'),
(154, '\"КиТ\" (2010)', 'Нижний Новгород', 'images/uploads/abab240b328224f265795e91b01b021d.png', '2020-07-05 12:36:07', '2020-07-05 12:36:07', '17'),
(155, 'СШ №3 (2010)', 'Дзержинск', 'images/uploads/4e7d53225c03c88030d3662a14271e7f.png', '2020-07-05 12:37:56', '2020-07-05 12:37:56', '17'),
(156, '\"Пионер\" (2010)', 'Дзержинск', 'images/uploads/685b0108d803b4b3b11bb6f8180b002f.png', '2020-07-05 12:38:42', '2020-07-05 12:38:42', '17'),
(157, '\"Водник\" (2010)', 'Нижний Новгород', 'images/uploads/dfe8c145882db766496d74a0d38855bd.png', '2020-07-05 12:40:06', '2020-07-05 12:40:06', '17'),
(158, 'СШОР №8-2 (2010)', 'Нижний Новгород', 'images/uploads/60ed9ad3107b42833f65663cb230688b.png', '2020-07-05 12:49:49', '2020-07-05 12:49:49', '17'),
(159, 'РЦПФ НН-2008 (2007)', 'Нижний Новгород', 'images/uploads/3135dd36ea2f1e96287eae8d600c3aea.png', '2020-07-05 13:10:19', '2020-07-05 13:10:19', '12'),
(160, 'СШ \"Химик\" (2007)', 'Дзержинск', 'images/uploads/efa8d0fd0ca01b952737d3e060512235.png', '2020-07-05 13:12:11', '2020-07-05 13:12:11', '12'),
(161, 'РЦПФ НН-2007-2', 'Нижний Новгород', 'images/uploads/6e58fcf935321f535c7eb65d28851856.png', '2020-07-05 13:13:57', '2020-07-05 13:13:57', '12'),
(162, '\"Лицей №8\" (2007)', 'Нижний Новгород', 'images/uploads/a3d8b8f9c05cb875fe7d9682e6004537.png', '2020-07-05 13:17:13', '2020-07-05 13:17:13', '18'),
(163, '\"Салют-2\" (2007)', 'Дзержинск', 'images/uploads/ff0b30e757e50f3d248c140cc3941db2.png', '2020-07-05 13:20:05', '2020-07-05 13:20:05', '18'),
(164, '\"Водник\" (2007)', 'Нижний Новгород', 'images/uploads/f3a0b11bc79da84219f4693f2c3f7f91.png', '2020-07-05 13:22:11', '2020-07-05 13:22:11', '18'),
(165, '\"КиТ\" (2007)', 'Нижний Новгород', 'images/uploads/09ed320a5353642b921bf35216b06907.png', '2020-07-05 13:23:14', '2020-07-05 13:23:14', '18'),
(166, 'ВЕЛЛ-СШОР №8 (2007)', 'Нижний Новгород', 'images/uploads/30a4af2c8c0bb25879cc82a9b5716262.png', '2020-07-05 13:25:23', '2020-07-05 13:25:23', '18'),
(167, '\"Радий\" (2011)', 'Нижний Новгород', 'images/uploads/72369eb0fc845f0c4789ae94049f0306.png', '2020-07-05 13:31:57', '2020-07-05 13:31:57', '19'),
(168, 'ФОК \"Триумф\" (2011)', 'Володарск', 'images/uploads/23efa05103db5dc2eee824477df97569.png', '2020-07-05 13:33:24', '2020-07-05 13:33:24', '19'),
(169, 'СШОР №8 - \"Волга\" (2011)', 'Нижний Новгород', 'images/uploads/5bf113290c3e1069440028d06876d776.png', '2020-07-05 13:34:53', '2020-07-05 13:34:53', '19'),
(170, 'СШОР №8 - Строитель (2011)', 'Нижний Новгород', 'images/uploads/5c44a7d28c633c7d4349042737110b2a.png', '2020-07-05 13:37:26', '2020-07-05 13:37:26', '19'),
(171, '\"Радий-3\" (2011)', 'Нижний Новгород', 'images/uploads/9530d1ae2986651fc2be19ee25ebf976.png', '2020-07-05 13:45:22', '2020-07-05 13:45:22', '20'),
(172, '\"Водник\" (2011)', 'Нижний Новгород', 'images/uploads/be352d6dc535a3e7fb38b6f038e2170c.png', '2020-07-05 13:47:25', '2020-07-05 13:47:25', '20'),
(173, '\"КиТ\" (2011)', 'Нижний Новгород', 'images/uploads/c6904f03be94cfc9eb31e1d0cfa60ae3.png', '2020-07-05 13:48:17', '2020-07-05 13:48:17', '20'),
(174, '\"Радий-2\" (2011)', 'Нижний Новгород', 'images/uploads/7ff69b119838ec1f57a8983c5672cdb7.png', '2020-07-05 13:49:45', '2020-07-05 13:49:45', '20'),
(175, 'РЦПФ НН-2011-2', 'Нижний Новгород', 'images/uploads/d922d5a996556a422176175373cf7738.png', '2020-07-05 13:51:35', '2020-07-05 13:51:35', '20'),
(176, 'СШОР №8 - Строитель-2 (2011)', 'Нижний Новгород', 'images/uploads/0bce45dcd3e8eef5320f716c26f4671c.png', '2020-07-05 13:52:47', '2020-07-05 13:52:47', '20'),
(177, 'СШОР №8 (2008)', 'Нижний Новгород', 'images/uploads/74a43747cac26e47d4651bdac9d2fc28.png', '2020-07-05 14:42:22', '2020-07-05 14:42:22', '21'),
(178, 'СШОР №8-2 (2008)', 'Нижний Новгород', 'images/uploads/f68c358880004db0a30b16c96f024c88.png', '2020-07-05 14:43:27', '2020-07-05 14:43:27', '21'),
(179, 'СШ \"Спартак\" (2008)', 'Бор', 'images/uploads/c985e5db889df2eca12184ade00b01aa.png', '2020-07-05 14:44:28', '2020-07-05 14:44:28', '21'),
(180, 'РЦПФ НН (2012)', 'Нижний Новгород', 'images/uploads/690a12c35908878a336f4e44f249566e.png', '2020-07-05 14:48:44', '2020-07-05 14:48:44', '22'),
(181, 'СШОР №8 (2012)', 'Нижний Новгород', 'images/uploads/56ccb5ebb583922cbda3b8c12c21703c.png', '2020-07-05 14:54:17', '2020-07-05 14:54:17', '22'),
(182, 'СШОР №8-2 (2012)', 'Нижний Новгород', 'images/uploads/8487d527cf6dc3cf25a98998bac9a143.png', '2020-07-05 14:56:15', '2020-07-05 14:56:15', '22'),
(183, '\"Volga Kids\" (2012)', 'Нижний Новгород', 'images/uploads/894f563897a09a0362c23c80525dd2b1.png', '2020-07-05 14:57:33', '2020-07-05 14:57:33', '22'),
(184, '\"Водник\" (2012)', 'Нижний Новгород', 'images/uploads/3286df1f096c96fcebabdb37e9c6a66f.png', '2020-07-05 15:02:51', '2020-07-05 15:02:51', '9'),
(185, '\"Торпедо\" (2012)', 'Арзамас', 'images/uploads/373fa96285848a4bdc02aa70467c581e.png', '2020-07-05 15:03:43', '2020-07-05 15:03:43', '9'),
(186, 'СШОР №8-3 (2012)', 'Нижний Новгород', 'images/uploads/bc946bb625dc198fd8b0d4d10502ed45.png', '2020-07-05 15:04:34', '2020-07-05 15:04:34', '9'),
(187, '\"Фора\" (2012)', 'Нижний Новгород', 'images/uploads/06aff32215edd0af8ea29acc7b5a3088.png', '2020-07-05 15:06:01', '2020-07-05 15:06:01', '9'),
(188, '\"Радий-4\" (2012)', 'Нижний Новгород', 'images/uploads/8d8579a1c87f461ccc23e8b724426cd4.png', '2020-07-05 15:06:37', '2020-07-05 15:06:37', '9'),
(189, '\"Бриг\" (2012)', 'Нижний Новгород', 'images/uploads/2ead48c072fd83adbc3e00cd94affd29.png', '2020-07-05 15:07:04', '2020-07-05 15:07:04', '9');

-- --------------------------------------------------------

--
-- Структура таблицы `team_compositions`
--

CREATE TABLE `team_compositions` (
  `id` bigint(20) UNSIGNED NOT NULL,
  `club_id` bigint(20) UNSIGNED NOT NULL,
  `player_name` varchar(191) COLLATE utf8mb4_unicode_ci NOT NULL,
  `player_number` varchar(191) COLLATE utf8mb4_unicode_ci NOT NULL,
  `birthday` date NOT NULL,
  `created_at` timestamp NULL DEFAULT NULL,
  `updated_at` timestamp NULL DEFAULT NULL
) ENGINE=InnoDB DEFAULT CHARSET=utf8mb4 COLLATE=utf8mb4_unicode_ci;

-- --------------------------------------------------------

--
-- Структура таблицы `team_lists`
--

CREATE TABLE `team_lists` (
  `id` bigint(20) UNSIGNED NOT NULL,
  `country` varchar(255) COLLATE utf8mb4_unicode_ci NOT NULL,
  `club` varchar(255) COLLATE utf8mb4_unicode_ci NOT NULL,
  `created_at` timestamp NULL DEFAULT NULL,
  `updated_at` timestamp NULL DEFAULT NULL
) ENGINE=InnoDB DEFAULT CHARSET=utf8mb4 COLLATE=utf8mb4_unicode_ci;

-- --------------------------------------------------------

--
-- Структура таблицы `trainers`
--

CREATE TABLE `trainers` (
  `id` bigint(20) UNSIGNED NOT NULL,
  `team_id` bigint(20) UNSIGNED NOT NULL,
  `avatar` varchar(191) COLLATE utf8mb4_unicode_ci NOT NULL,
  `name` varchar(191) COLLATE utf8mb4_unicode_ci NOT NULL,
  `created_at` timestamp NULL DEFAULT NULL,
  `updated_at` timestamp NULL DEFAULT NULL
) ENGINE=InnoDB DEFAULT CHARSET=utf8mb4 COLLATE=utf8mb4_unicode_ci;

--
-- Дамп данных таблицы `trainers`
--

INSERT INTO `trainers` (`id`, `team_id`, `avatar`, `name`, `created_at`, `updated_at`) VALUES
(7, 8, '', 'Мега тренер', NULL, NULL);

-- --------------------------------------------------------

--
-- Структура таблицы `users`
--

CREATE TABLE `users` (
  `id` bigint(20) UNSIGNED NOT NULL,
  `phone` varchar(191) COLLATE utf8mb4_unicode_ci NOT NULL,
  `email_verified_at` timestamp NULL DEFAULT NULL,
  `password` varchar(255) COLLATE utf8mb4_unicode_ci NOT NULL,
  `remember_token` varchar(100) COLLATE utf8mb4_unicode_ci DEFAULT NULL,
  `created_at` timestamp NULL DEFAULT NULL,
  `updated_at` timestamp NULL DEFAULT NULL,
  `active` tinyint(1) NOT NULL DEFAULT '0'
) ENGINE=InnoDB DEFAULT CHARSET=utf8mb4 COLLATE=utf8mb4_unicode_ci;

--
-- Дамп данных таблицы `users`
--

INSERT INTO `users` (`id`, `phone`, `email_verified_at`, `password`, `remember_token`, `created_at`, `updated_at`, `active`) VALUES
(1, 'admin', NULL, '$2y$10$wyqFoPYxm6YGTIpZhr3owOsuIIH3DBLhr17FNMkJzkfKVMaGavP66', NULL, '2020-02-26 07:17:59', '2020-03-11 17:40:59', 0),
(2, '89101490460', NULL, '$2y$10$01wA2Wf2M1J/YUD.AiVQDOYGnHpbjGYsD8ZQWtoI4AEYInUvR9Pi.', NULL, '2020-03-11 12:53:04', '2020-03-11 12:53:04', 0),
(3, '89101490469', NULL, '$2y$10$EJ5Q/tPmx2WHxa4vJ76inuEBIofv1fu.bdFOemDpIifSVHLBxKaWC', NULL, '2020-03-11 13:45:19', '2020-03-11 13:45:19', 0),
(4, '89101490465', NULL, '$2y$10$tPgo.bqdOGmFhS55XQJBZ.b3B.3CjUTV8gqpdJmghn5hWQn47UfGi', NULL, '2020-03-11 13:46:54', '2020-03-11 13:46:54', 0),
(5, '89101490468', NULL, '$2y$10$DKGl8H9jqlnQdxq1zu7Uau0SJnbbDreYx18HtSk1j/4zaKfuX9a9K', NULL, '2020-03-11 13:50:38', '2020-03-11 13:50:38', 0),
(6, '89101390462', NULL, '$2y$10$TVnccn9JsQC7gBulp.R7r.pL5EuKgtLKNWrbE4m02hmpgNJOp94bO', NULL, '2020-03-11 18:06:49', '2020-03-11 18:06:49', 0),
(8, '89101490461', NULL, '$2y$10$G46o9jHEwiYICgEZJeTQ7uErmFOO2wdGeS/g3u7rZ5m2jNyrO0e/G', NULL, '2020-03-11 18:14:06', '2020-03-11 18:14:06', 0),
(9, '89151490464', NULL, '$2y$10$arr1kuC0BdJb1boTnHXze.VahNUvkBaWkXr2TWiuKNfmYzsZMXZRi', NULL, '2020-03-11 18:19:42', '2020-03-11 18:19:42', 0),
(10, '89151490467', NULL, '$2y$10$/IZS3YkPcqrrdUtfdFsdyu8MWXbXjOqlBrCUwiH7hPot5Y3k7D3dC', NULL, '2020-03-11 18:25:42', '2020-03-11 18:25:42', 0),
(11, '89111490462', NULL, '$2y$10$2sRhnh2k1f/NDcmOuPua8.y7GO/iCN9HB4l0CY.cU.DocpkR5iIAG', NULL, '2020-03-11 18:29:20', '2020-03-11 18:29:20', 0),
(12, '89111490463', NULL, '$2y$10$MciWSM0dyK7lt7PG.8m07.qEiSLBSZAuGEEfDO2FpTVTwW1Dzo92y', NULL, '2020-03-11 18:29:49', '2020-03-11 18:29:49', 0),
(13, '89201490462', NULL, '$2y$10$vzAI.Mf/tYh3SmrfKG45/OaDEZL5B2PEPnyuc3/G62OeJsCBd6coG', NULL, '2020-03-11 19:01:55', '2020-03-11 19:01:55', 0),
(14, '89301490462', NULL, '$2y$10$58XMnUDj/qh.4gDYUKp5AOd0Zv5/h9bPfz4Wpr4vbRDlA1oKFPE5e', NULL, '2020-03-11 19:15:58', '2020-03-11 19:15:58', 0),
(15, '89301490461', NULL, '$2y$10$cQI1Rv/lmI2wpVVVs/q4ae.tuEoCaMhZno61AaL3HwZ46j1SDX5jK', NULL, '2020-03-11 19:20:20', '2020-03-11 19:20:20', 0),
(16, '89301490460', NULL, '$2y$10$E4oY5RdEmx9f0fdj5T.dIOqa044iAFFl8QY7pyZ6eHIBj/h2rBd7q', NULL, '2020-03-11 19:21:00', '2020-03-11 19:21:00', 0),
(17, '89401490462', NULL, '$2y$10$0/5P3PlX1/nSqVhCOTsX3e2twpGYvrRPrzVGpSjfWW.WCEERXyZjy', NULL, '2020-03-11 19:28:16', '2020-03-11 19:28:16', 0),
(18, '89401490461', NULL, '$2y$10$PXPKghB6uOCwsEKdRfPAqOCzzuKLYSMFZP.M5SWyZuawHAvu5dtYW', NULL, '2020-03-11 19:29:06', '2020-03-11 19:29:06', 0),
(19, '89401490460', NULL, '$2y$10$oYSXTUH4zXC3vdjNvMp8muRc3LFz894Ohix.CUfc7ORTT3g5XkMpa', NULL, '2020-03-11 19:46:40', '2020-03-11 19:46:40', 0),
(21, '89131490469', NULL, '$2y$10$1zjNnjiCSJeBxKUNiZgecu3/F/7dFhCJ70D.fYmDMP6y69qrw2nae', NULL, '2020-03-12 07:00:03', '2020-03-12 07:00:03', 0),
(22, '89191490462', NULL, '$2y$10$CT54iX8VUDALG5J8VFbX4udrTRgqw32JD.rncAunpfWY3gq6TEPRW', NULL, '2020-03-12 08:55:17', '2020-03-12 08:55:17', 0),
(23, '89131490470', NULL, '$2y$10$ZkXAfM1rF86I47cJGlXiEu.QHRxCDgVQoGaaWXnYZmD4rFqxLOVqm', NULL, '2020-03-12 09:40:35', '2020-03-12 09:40:35', 0),
(24, '89261502975', NULL, '$2y$10$fhx8OzEdiaQ8OrFMdbg4HeZE69TekOOqwd.Pa9cyfe6KBb4yQcfk.', NULL, '2020-03-12 16:36:17', '2020-04-01 13:43:42', 0),
(25, '89651490462', NULL, '$2y$10$QhN8Y9GMJtoWGWW/EZ8ZZ.C7VARQvZaEjDmntCYowr4hPKNY.tgpS', NULL, '2020-03-12 16:41:27', '2020-03-12 16:41:27', 0),
(26, '89321490462', NULL, '$2y$10$SAIs7w78w.VrAWohNPtP2.Hnr7Xj31eRXc.6BtYbhPysgHLldKXbK', NULL, '2020-03-12 16:44:38', '2020-03-12 16:44:38', 0),
(27, '89030021617', NULL, '$2y$10$EGHSYafu0S3FpuHPOUNd1uk90u.5G7TcY0O.O83nQNKzNAwBkcVim', NULL, '2020-03-12 16:49:58', '2020-03-12 16:49:58', 0),
(29, '89711490462', NULL, '$2y$10$PIbX86EjqcXT1yMJ8okE3.3AcNLNE.89K0bYqFI/pLCuBDrujeQuO', NULL, '2020-03-13 11:55:24', '2020-03-13 11:55:24', 0),
(30, '89051490462', NULL, '$2y$10$eA1PjbnhJbyj94/xfz8f3e9vzDTU3TycMz/ur2.5IfArKVgEqPnG2', NULL, '2020-03-13 12:20:06', '2020-03-13 12:20:06', 0),
(31, '89051490461', NULL, '$2y$10$gTli2vHm9Q8zt/6t0jTT/O/SndVw5bx/uCRmVW4sPcrxwzzphpJQy', NULL, '2020-03-13 12:20:46', '2020-03-13 12:20:46', 0),
(32, '89051490460', NULL, '$2y$10$6sFK7nQ42eZ9hXYr8Zo7aOBYYTD5p07H0BKh74poh7iu1RqMANfSq', NULL, '2020-03-13 12:25:38', '2020-03-13 12:25:38', 0),
(33, '89051490464', NULL, '$2y$10$U8EUI0PhHUCVNCfmPAWWJuc0gt9ET5mJY5Qc4b0qFe9dH4z661BWO', NULL, '2020-03-13 12:26:57', '2020-03-13 12:26:57', 0),
(34, '89051490465', NULL, '$2y$10$md7lw5T5lKhW..hog1G4Z.x/581SHSk3zf14lwbhdDXwly97dZ0eC', NULL, '2020-03-13 12:31:21', '2020-03-13 12:31:21', 0),
(35, '89051490466', NULL, '$2y$10$5tNQpftqxPqtJ4z54xpgkOFeJCiCkQMnHPEQO7SrUiynIkCDCNh72', NULL, '2020-03-13 12:39:38', '2020-03-13 12:39:38', 0),
(37, '89791490462', NULL, '$2y$10$CKRKNZjSuqzsM0kkjzepe.4qh2CjKJJXuSU9SvjmfenJiPPSQexe6', NULL, '2020-03-13 13:18:25', '2020-03-13 13:18:25', 0),
(38, '89791490466', NULL, '$2y$10$JRap1Bt/Vw7A3/3ShIy/x.h98HhJP2539edWl/zXDBVPFFFVfWnES', NULL, '2020-03-13 13:21:22', '2020-03-13 13:21:22', 0),
(40, '89191490463', NULL, '$2y$10$/Jzm1yPPmoUcE9.lGXSwaeCuXEXc78nolSeIgV4V0wEdVoG9JhXb6', NULL, '2020-03-13 13:32:30', '2020-03-13 13:32:30', 0),
(41, '89171490465', NULL, '$2y$10$B.SQzksr8wDe8JeEGCNBIumFIYtnN1eIFwJZtzyYEKybqRHAnvMCe', NULL, '2020-03-13 13:33:50', '2020-03-13 13:33:50', 0),
(42, '89141490462', NULL, '$2y$10$uglYScT9TSG9FxPxvpJT0e93.IwgUj4t7p0PSk3wPVcCZK4OXJvwO', NULL, '2020-03-13 13:35:28', '2020-03-13 13:35:28', 0),
(44, '89131490462', NULL, '$2y$10$pxatTJe5UVHAerFV0Ex6W.0MBF6gadnhnocp2mVzfV6bS7SYyt2/i', NULL, '2020-03-13 14:33:23', '2020-03-13 14:33:23', 0),
(47, '89191490468', NULL, '$2y$10$lMh0CjxwNJeemdSzVUF39.T588n2.2QrU2IcvHE6zDNR85HRMfV5K', NULL, '2020-03-13 14:38:19', '2020-03-13 14:38:19', 0),
(48, '89191490469', NULL, '$2y$10$e2WEa5jezaIujUZd6XCZV.qAvKSvEL8L0R1aKLAgR3vlmqm.yJQnq', NULL, '2020-03-13 14:38:46', '2020-03-13 14:38:46', 0),
(49, '89200078888', NULL, '$2y$10$lvJv9IZUeR6tQcIOMzlOWu3cMpnnyznvZbnWLOUPU4Pgm2k9qjIZa', NULL, '2020-03-13 15:48:56', '2020-03-13 15:48:56', 0),
(50, '89171490462', NULL, '$2y$10$XGKWKB3xWgroBCHRm8XjW.0z4qirj5/K.ZZAOKEFLJ1K/xOCGoIzi', NULL, '2020-03-15 11:41:55', '2020-03-15 11:41:55', 0),
(53, '89151490462', NULL, '$2y$10$Of8vv3ay7Jy7CpkPRqr0fObe0.ERmcJcbQPQUHZN07hfHonNbAHDa', NULL, '2020-03-15 12:24:04', '2020-03-15 12:24:04', 0),
(54, '89031490462', NULL, '$2y$10$wnNmd/Glrwlc7co88yxiluN6P6M.EhZ5SCi2uJSEvsUDMZXjUlAuC', NULL, '2020-03-19 09:42:40', '2020-03-19 09:42:40', 0),
(55, '89071490463', NULL, '$2y$10$G3aB9LFtlilDSZSiFOK5GexuOfUlpPAJ464uSz/Ov01foOEFaKArO', NULL, '2020-03-19 09:50:04', '2020-03-19 09:50:04', 0),
(56, '87051490462', NULL, '$2y$10$L2VpGXWRIqmn/ySScuw84OVSjmXg7rZXh9KWZZpaHE1taTHybBMlC', NULL, '2020-03-19 10:03:10', '2020-03-19 10:03:10', 0),
(57, '89061490462', NULL, '$2y$10$BfP3ibYezCSCe6mVSGRCYuMuu.o.3Zua6k.bIkhIqFy/jS1T28ITm', NULL, '2020-03-19 10:07:17', '2020-03-19 10:07:17', 0),
(58, '89051490463', NULL, '$2y$10$NC./oMQ3yBsZ8pGverPSpuoqL50Q61NBjweUn.v1h3kfjKYS5LMji', NULL, '2020-03-19 10:19:24', '2020-03-19 10:19:24', 0),
(61, '89011490462', NULL, '$2y$10$1Vry6T.rxCehZjnPRidKaefNFWfJOAB02B.d5Tt1ljd74yjIafEKe', NULL, '2020-03-19 10:28:42', '2020-03-19 10:28:42', 0),
(62, '89411490462', NULL, '$2y$10$2u45daihv1qkxKBIdpU6yujX/MnwKV69tjSKBD962eHNS5Wsn6Ahq', NULL, '2020-03-19 10:33:10', '2020-03-19 10:33:10', 0),
(64, '89991490461', NULL, '$2y$10$WWxgH4bQ7wkqi5IoUX1x8.QvHZnZYXRStZGspc/Ak7AgS6Klgam0e', NULL, '2020-03-19 10:39:01', '2020-03-19 10:39:01', 0),
(65, '89991490463', NULL, '$2y$10$ja9vjxzwKgSIRLfcB5A2IuDhjrK9t3Iglvfjg.VeTmw1T/sKAOesa', NULL, '2020-03-19 10:39:08', '2020-03-19 10:39:08', 0),
(66, '89091490462', NULL, '$2y$10$chx6k1Fuo.zJ5XvyjL68Ee8fw3ziHWuYjio9m7aBZRJPvWO4AjtbG', NULL, '2020-03-19 10:41:19', '2020-03-19 10:41:19', 0),
(67, '89121490463', NULL, '$2y$10$37cIUOFkzXO2yeeec7H/Yu2kigsj7O1VoPuymJV1S7fCgChmJux16', NULL, '2020-03-19 10:43:54', '2020-03-19 10:43:54', 0),
(68, '89831490463', NULL, '$2y$10$IGXqzUufwEybO06agx.vW.hd8add/zYEcRCcSdSVdKMZqnDTDAaQ6', NULL, '2020-03-19 10:47:34', '2020-03-19 10:47:34', 0),
(70, '89611490463', NULL, '$2y$10$mb3wgZOF0u0D03FD2LdJSeKXtqxKT4BvVpBX/YvpxSyCjRZsPwCqW', NULL, '2020-03-19 11:15:09', '2020-03-19 11:15:09', 0),
(71, '89101490463', NULL, '$2y$10$.EitcIMTy8G808/soe8f3OJwUm/JHxAMrRjuBXTZ2m0hsbOYR6aY2', NULL, '2020-04-01 14:36:45', '2020-04-01 14:36:45', 0),
(75, '89191490465', NULL, '$2y$10$h17DXefMd9Ta8VrPPUANy.e.c45b3QmJFMIjkoxqsIE0rvtiATg7.', NULL, '2020-04-06 10:24:05', '2020-04-06 10:24:05', 0),
(76, '89171490463', NULL, '$2y$10$nyS3DzXaH4NVUSlG6XeNVu7OPkYY5fQD4/deacceE5vFHoouAhCaq', NULL, '2020-04-17 06:38:01', '2020-04-17 06:38:01', 0),
(78, '89171490464', NULL, '$2y$10$G8yFq0j7JNsmuhM55JOMtemLHGVnQx7n/CohBTKAdGqza44rQ.3rm', NULL, '2020-04-17 06:38:55', '2020-04-17 06:38:55', 0),
(79, '+380965803889', NULL, '$2y$10$cCZmzazqQTr8cZ.I14BLqOqnQzH4yww3S5uZ/bpNQwpAaXi8djs/u', NULL, '2020-04-20 04:09:43', '2020-04-20 04:09:43', 0),
(80, '89108739643', NULL, '$2y$10$4RSKfoPY9.vQ6x5dAdu06efYq2/esFOsgAX0ix0oXqHJS9/57/x5i', NULL, '2020-04-27 07:44:53', '2020-04-27 07:44:53', 0),
(81, '89101490462', NULL, '$2y$10$5kUJMwE8UzP2isICiwVO5ezdPlAKVxwSKZt6hMbJQjyGqqqo0u4yW', NULL, '2020-05-22 05:49:14', '2020-07-03 13:29:31', 0),
(85, '89101490485', NULL, '$2y$10$EnI4ciPIQLBKUt6NMlmMRub7fF0QTgZx54LjRhWJUhvFTsCpfIZG.', NULL, '2020-06-03 04:47:41', '2020-06-03 04:47:41', 0),
(86, '380662195237', NULL, '$2y$10$V5S3SoRahw8A1FxgkPrmguRexeWYMXt1BvpbCT8S/jgmDWjYWFZEe', NULL, '2020-07-01 09:00:01', '2020-07-01 09:01:08', 1),
(87, '89108701943', NULL, '$2y$10$ecqtoVmzBB/D.XrV6syDR..koUOjaNEqkOcSXGh97bH7B8lfmWAIC', NULL, '2020-07-03 13:32:25', '2020-07-03 13:36:54', 1),
(88, '89107977141', NULL, '$2y$10$1ElFGtXSYxLSo8QvBz6GguA1vQ76DnnTP3H7wnBQXmrPxqxVESqI2', NULL, '2020-07-03 14:34:10', '2020-07-03 14:38:54', 1),
(89, '89200080088', NULL, '$2y$10$3v4ELZwC0R/3nE7sfOKRCOn7zbIHf6oj2.zxwf8DCjHgJaYSi8Nnm', NULL, '2020-07-04 06:03:37', '2020-07-04 06:03:37', 0),
(90, '380938554715', NULL, '$2y$10$WAQ.prVH68D0ZAi4TMk7beUdPPhLN3aqA4bu5LJG2ifG1EujmT/Li', NULL, '2020-07-04 09:54:41', '2020-07-04 09:54:41', 1);

--
-- Индексы сохранённых таблиц
--

--
-- Индексы таблицы `categories`
--
ALTER TABLE `categories`
  ADD PRIMARY KEY (`id`);

--
-- Индексы таблицы `champs`
--
ALTER TABLE `champs`
  ADD PRIMARY KEY (`id`);

--
-- Индексы таблицы `champ_teams`
--
ALTER TABLE `champ_teams`
  ADD PRIMARY KEY (`id`),
  ADD KEY `champ_teams_team_id_foreign` (`team_id`),
  ADD KEY `champ_teams_champ_id_foreign` (`champ_id`);

--
-- Индексы таблицы `command_structures`
--
ALTER TABLE `command_structures`
  ADD PRIMARY KEY (`id`);

--
-- Индексы таблицы `failed_jobs`
--
ALTER TABLE `failed_jobs`
  ADD PRIMARY KEY (`id`);

--
-- Индексы таблицы `matches`
--
ALTER TABLE `matches`
  ADD PRIMARY KEY (`id`),
  ADD KEY `matches_champ_id_foreign` (`champ_id`);

--
-- Индексы таблицы `match_teams`
--
ALTER TABLE `match_teams`
  ADD PRIMARY KEY (`id`),
  ADD KEY `match_teams_match_id_foreign` (`match_id`),
  ADD KEY `match_teams_team_id_foreign` (`team_id`);

--
-- Индексы таблицы `migrations`
--
ALTER TABLE `migrations`
  ADD PRIMARY KEY (`id`);

--
-- Индексы таблицы `oauth_access_tokens`
--
ALTER TABLE `oauth_access_tokens`
  ADD PRIMARY KEY (`id`),
  ADD KEY `oauth_access_tokens_user_id_index` (`user_id`);

--
-- Индексы таблицы `oauth_auth_codes`
--
ALTER TABLE `oauth_auth_codes`
  ADD PRIMARY KEY (`id`),
  ADD KEY `oauth_auth_codes_user_id_index` (`user_id`);

--
-- Индексы таблицы `oauth_clients`
--
ALTER TABLE `oauth_clients`
  ADD PRIMARY KEY (`id`),
  ADD KEY `oauth_clients_user_id_index` (`user_id`);

--
-- Индексы таблицы `oauth_personal_access_clients`
--
ALTER TABLE `oauth_personal_access_clients`
  ADD PRIMARY KEY (`id`);

--
-- Индексы таблицы `oauth_refresh_tokens`
--
ALTER TABLE `oauth_refresh_tokens`
  ADD PRIMARY KEY (`id`);

--
-- Индексы таблицы `password_resets`
--
ALTER TABLE `password_resets`
  ADD KEY `password_resets_email_index` (`email`);

--
-- Индексы таблицы `payments`
--
ALTER TABLE `payments`
  ADD PRIMARY KEY (`id`);

--
-- Индексы таблицы `players`
--
ALTER TABLE `players`
  ADD PRIMARY KEY (`id`),
  ADD KEY `players_team_id_foreign` (`team_id`);

--
-- Индексы таблицы `results`
--
ALTER TABLE `results`
  ADD PRIMARY KEY (`id`);

--
-- Индексы таблицы `stadiums`
--
ALTER TABLE `stadiums`
  ADD PRIMARY KEY (`id`);

--
-- Индексы таблицы `teams`
--
ALTER TABLE `teams`
  ADD PRIMARY KEY (`id`);

--
-- Индексы таблицы `team_compositions`
--
ALTER TABLE `team_compositions`
  ADD PRIMARY KEY (`id`),
  ADD KEY `team_compositions_club_id_foreign` (`club_id`);

--
-- Индексы таблицы `team_lists`
--
ALTER TABLE `team_lists`
  ADD PRIMARY KEY (`id`);

--
-- Индексы таблицы `trainers`
--
ALTER TABLE `trainers`
  ADD PRIMARY KEY (`id`),
  ADD KEY `trainers_team_id_foreign` (`team_id`);

--
-- Индексы таблицы `users`
--
ALTER TABLE `users`
  ADD PRIMARY KEY (`id`),
  ADD UNIQUE KEY `phone` (`phone`);

--
-- AUTO_INCREMENT для сохранённых таблиц
--

--
-- AUTO_INCREMENT для таблицы `categories`
--
ALTER TABLE `categories`
  MODIFY `id` bigint(20) UNSIGNED NOT NULL AUTO_INCREMENT, AUTO_INCREMENT=24;

--
-- AUTO_INCREMENT для таблицы `champs`
--
ALTER TABLE `champs`
  MODIFY `id` bigint(20) UNSIGNED NOT NULL AUTO_INCREMENT, AUTO_INCREMENT=3;

--
-- AUTO_INCREMENT для таблицы `champ_teams`
--
ALTER TABLE `champ_teams`
  MODIFY `id` bigint(20) UNSIGNED NOT NULL AUTO_INCREMENT, AUTO_INCREMENT=208;

--
-- AUTO_INCREMENT для таблицы `command_structures`
--
ALTER TABLE `command_structures`
  MODIFY `id` bigint(20) UNSIGNED NOT NULL AUTO_INCREMENT;

--
-- AUTO_INCREMENT для таблицы `failed_jobs`
--
ALTER TABLE `failed_jobs`
  MODIFY `id` bigint(20) UNSIGNED NOT NULL AUTO_INCREMENT;

--
-- AUTO_INCREMENT для таблицы `matches`
--
ALTER TABLE `matches`
  MODIFY `id` bigint(20) UNSIGNED NOT NULL AUTO_INCREMENT, AUTO_INCREMENT=10;

--
-- AUTO_INCREMENT для таблицы `match_teams`
--
ALTER TABLE `match_teams`
  MODIFY `id` bigint(20) UNSIGNED NOT NULL AUTO_INCREMENT, AUTO_INCREMENT=33;

--
-- AUTO_INCREMENT для таблицы `migrations`
--
ALTER TABLE `migrations`
  MODIFY `id` int(10) UNSIGNED NOT NULL AUTO_INCREMENT, AUTO_INCREMENT=27;

--
-- AUTO_INCREMENT для таблицы `oauth_clients`
--
ALTER TABLE `oauth_clients`
  MODIFY `id` bigint(20) UNSIGNED NOT NULL AUTO_INCREMENT, AUTO_INCREMENT=3;

--
-- AUTO_INCREMENT для таблицы `oauth_personal_access_clients`
--
ALTER TABLE `oauth_personal_access_clients`
  MODIFY `id` bigint(20) UNSIGNED NOT NULL AUTO_INCREMENT, AUTO_INCREMENT=2;

--
-- AUTO_INCREMENT для таблицы `payments`
--
ALTER TABLE `payments`
  MODIFY `id` bigint(20) UNSIGNED NOT NULL AUTO_INCREMENT, AUTO_INCREMENT=14;

--
-- AUTO_INCREMENT для таблицы `players`
--
ALTER TABLE `players`
  MODIFY `id` bigint(20) UNSIGNED NOT NULL AUTO_INCREMENT, AUTO_INCREMENT=6;

--
-- AUTO_INCREMENT для таблицы `results`
--
ALTER TABLE `results`
  MODIFY `id` bigint(20) UNSIGNED NOT NULL AUTO_INCREMENT;

--
-- AUTO_INCREMENT для таблицы `stadiums`
--
ALTER TABLE `stadiums`
  MODIFY `id` bigint(20) UNSIGNED NOT NULL AUTO_INCREMENT;

--
-- AUTO_INCREMENT для таблицы `teams`
--
ALTER TABLE `teams`
  MODIFY `id` bigint(20) UNSIGNED NOT NULL AUTO_INCREMENT, AUTO_INCREMENT=190;

--
-- AUTO_INCREMENT для таблицы `team_compositions`
--
ALTER TABLE `team_compositions`
  MODIFY `id` bigint(20) UNSIGNED NOT NULL AUTO_INCREMENT;

--
-- AUTO_INCREMENT для таблицы `team_lists`
--
ALTER TABLE `team_lists`
  MODIFY `id` bigint(20) UNSIGNED NOT NULL AUTO_INCREMENT;

--
-- AUTO_INCREMENT для таблицы `trainers`
--
ALTER TABLE `trainers`
  MODIFY `id` bigint(20) UNSIGNED NOT NULL AUTO_INCREMENT, AUTO_INCREMENT=8;

--
-- AUTO_INCREMENT для таблицы `users`
--
ALTER TABLE `users`
  MODIFY `id` bigint(20) UNSIGNED NOT NULL AUTO_INCREMENT, AUTO_INCREMENT=91;

--
-- Ограничения внешнего ключа сохраненных таблиц
--

--
-- Ограничения внешнего ключа таблицы `champ_teams`
--
ALTER TABLE `champ_teams`
  ADD CONSTRAINT `champ_teams_champ_id_foreign` FOREIGN KEY (`champ_id`) REFERENCES `champs` (`id`) ON DELETE CASCADE,
  ADD CONSTRAINT `champ_teams_team_id_foreign` FOREIGN KEY (`team_id`) REFERENCES `teams` (`id`) ON DELETE CASCADE;

--
-- Ограничения внешнего ключа таблицы `matches`
--
ALTER TABLE `matches`
  ADD CONSTRAINT `matches_champ_id_foreign` FOREIGN KEY (`champ_id`) REFERENCES `champs` (`id`) ON DELETE CASCADE;

--
-- Ограничения внешнего ключа таблицы `match_teams`
--
ALTER TABLE `match_teams`
  ADD CONSTRAINT `match_teams_match_id_foreign` FOREIGN KEY (`match_id`) REFERENCES `matches` (`id`) ON DELETE CASCADE,
  ADD CONSTRAINT `match_teams_team_id_foreign` FOREIGN KEY (`team_id`) REFERENCES `teams` (`id`) ON DELETE CASCADE;

--
-- Ограничения внешнего ключа таблицы `players`
--
ALTER TABLE `players`
  ADD CONSTRAINT `players_team_id_foreign` FOREIGN KEY (`team_id`) REFERENCES `teams` (`id`) ON DELETE CASCADE;

--
-- Ограничения внешнего ключа таблицы `team_compositions`
--
ALTER TABLE `team_compositions`
  ADD CONSTRAINT `team_compositions_club_id_foreign` FOREIGN KEY (`club_id`) REFERENCES `team_lists` (`id`) ON DELETE CASCADE;

--
-- Ограничения внешнего ключа таблицы `trainers`
--
ALTER TABLE `trainers`
  ADD CONSTRAINT `trainers_team_id_foreign` FOREIGN KEY (`team_id`) REFERENCES `teams` (`id`) ON DELETE CASCADE;
COMMIT;

/*!40101 SET CHARACTER_SET_CLIENT=@OLD_CHARACTER_SET_CLIENT */;
/*!40101 SET CHARACTER_SET_RESULTS=@OLD_CHARACTER_SET_RESULTS */;
/*!40101 SET COLLATION_CONNECTION=@OLD_COLLATION_CONNECTION */;
